,DataTableID,Value,Year
1,10,58,1997
2,10,39,1998
3,10,34,1999
4,10,37,2000
5,10,59,2001
6,13,901.3,1865
7,13,956.9,1875
11,19,956.9,1876
8,19,747,1886
9,19,537,1896
10,19,327,1906
12,20,327,1905
13,20,129,1915
14,979,17,1983
15,979,20,1984
16,979,23,1985
17,979,20,1986
18,979,20,1987
19,979,20,1988
20,979,20,1989
21,979,0,1990
22,979,2,1991
23,979,7,1992
24,979,11,1993
25,979,16,1994
26,979,19,1995
27,979,22,1996
28,979,25,1997
29,979,24,1998
30,979,21,1999
31,979,22,2000
32,979,21,2001
33,979,25,2002
34,979,27,2003
35,979,29,2004
36,979,28,2005
37,979,42,2006
38,979,56,2007
39,981,6,2006
40,981,4,2008
41,981,13,2010
42,981,14,2011
43,981,15,2014
44,982,5,2009
45,982,8,2010
46,982,14,2011
47,982,14,2012
48,982,13,2013
49,1001,246,2004
50,1001,280,2005
51,1001,310,2006
52,1001,360,2007
53,1001,480,2008
54,1001,522,2009
55,1001,504,2010
56,1001,611,2011
57,1001,614,2012
58,1001,600,2013
59,1001,880,2014
60,1017,19500,1998
61,1017,21800,1999
62,1017,19400,2000
63,1017,24000,2001
64,1017,23500,2002
65,1017,26700,2003
66,1017,27100,2004
67,1017,28400,2005
68,1017,28200,2006
69,1017,33000,2007
70,1017,33300,2008
71,1017,36000,2009
72,1017,35700,2010
73,1017,39400,2011
74,1018,14.5,1989
75,1018,15,1990
76,1018,17,1991
77,1018,16.5,1992
78,1018,19,1993
79,1019,2,1996
80,1019,2,1997
81,1019,2,1998
82,1019,3,1999
83,1019,3,2000
84,1019,5,2001
85,1019,5,2002
86,1019,8,2003
87,1019,6,2004
88,1019,9,2005
89,1019,7,2006
90,1019,9,2007
91,1019,8,2008
92,1020,14,1999
93,1020,31,1999.08
94,1020,27,1999.16
95,1020,35,1999.91
96,1020,33,1999.99
97,1020,24,2000.07
98,1020,26,2000.82
99,1020,25,2000.9
100,1020,20,2000.98
101,1058,0.005238979,1996
102,1058,0.004747458,1996.50411
103,1058,0.000767884,1997
104,1058,0.011253976,1997.586301
105,1058,0.003507028,1998
106,1058,0.00139568,1998.586301
107,1058,0.006447343,1999.084932
108,1058,0.002851762,1999.586301
109,1058,0.001989361,2000.087671
110,1058,0.002277467,2000.506849
111,1058,0.005504988,2000.841096
112,1058,0.003023248,2002.005479
113,1058,0.001351261,2002.509589
114,1058,0.000911323,2003.589041
115,1058,0.001566982,2004.509589
116,1058,0.003862346,2005.090411
117,1058,0.004627582,2005.591781
118,1058,0.00075665,2008.093151
119,1058,0.0015133,2009.512329
120,1058,0,2012.59726
121,1058,0,2013.178082
122,1058,0,2014.178082
123,1058,0,2014.59726
124,1058,0,2015.178082
125,1059,0.009604794,1996
126,1059,0.015033615,1996.50411
127,1059,0.011518264,1997
128,1059,0.013397591,1997.586301
129,1059,0.011222488,1998
130,1059,0.011165441,1998.586301
131,1059,0.010745572,1999.084932
132,1059,0.008555286,1999.586301
133,1059,0.014588647,2000.087671
134,1059,0.014423957,2000.506849
135,1059,0.010321853,2000.841096
136,1059,0.011337179,2002.005479
137,1059,0.016215136,2002.509589
138,1059,0.005561674,2003.087671
139,1059,0.004556614,2003.589041
140,1059,0.004960457,2004.005479
141,1059,0.002350472,2004.509589
142,1059,0.012359507,2005.090411
143,1059,0.013882746,2005.591781
144,1059,0.009121694,2006.090411
145,1059,0.007566498,2006.509589
146,1059,0.012863046,2007.172603
147,1059,0.009836447,2007.591781
148,1059,0.009836447,2008.093151
149,1059,0.008323147,2008.594521
150,1059,0.009080909,2009.175342
151,1059,0.006809848,2009.512329
152,1059,0.007566498,2010.093151
153,1059,0.006053198,2010.594521
154,1059,0.006809848,2011.175342
155,1059,0.00537957,2012.178082
156,1059,0.00153702,2012.59726
157,1059,0.00537957,2013.178082
158,1059,0.00384255,2014.178082
159,1059,0.00691659,2014.59726
160,1059,0.00845361,2015.178082
161,1060,0,1996
162,1060,0,1996.50411
163,1060,0,1997
164,1060,0.000535904,1997.586301
165,1060,0,1998
166,1060,0,1998.586301
167,1060,0,1999.084932
168,1060,0,1999.586301
169,1060,0,2000.087671
170,1060,0,2000.506849
171,1060,0,2000.841096
172,1060,0.001511624,2002.005479
173,1060,0.001351261,2002.509589
174,1060,0.011123347,2003.087671
175,1060,0.00075665,2009.512329
176,1060,0.00075665,2011.175342
177,1060,0.00076851,2012.178082
178,1060,0,2012.59726
179,1060,0.00076851,2013.178082
180,1060,0.00076851,2014.178082
181,1060,0.00230553,2014.59726
182,1060,0.00922212,2015.178082
210,1061,0.061121418,1996
211,1061,0.117103952,1996.50411
212,1061,0.076788429,1997
213,1061,0.228830849,1997.586301
183,1061,0.120641749,1998
184,1061,0.067690485,1998.586301
185,1061,0.096710144,1999.084932
186,1061,0.066303463,1999.586301
187,1061,0.127319105,2000.087671
188,1061,0.15866353,2000.506849
189,1061,0.108035396,2000.841096
190,1061,0.155697264,2002.005479
191,1061,0.107425277,2002.509589
192,1061,0.169074881,2003.087671
193,1061,0.215983491,2003.589041
194,1061,0.237275191,2004.005479
195,1061,0.136327399,2004.509589
196,1061,0.153721365,2005.090411
197,1061,0.14345504,2005.591781
198,1061,0.101098772,2006.090411
199,1061,0.139223555,2006.509589
200,1061,0.096094519,2007.172603
201,1061,0.208078682,2007.591781
202,1061,0.230021525,2008.093151
203,1061,0.176299392,2008.594521
204,1061,0.159672655,2009.175342
205,1061,0.130143758,2009.512329
206,1061,0.12333391,2010.093151
207,1061,0.124847209,2010.594521
208,1061,0.130900407,2011.175342
209,1061,0.099906298,2012.178082
249,1062,0.037546014,1996
214,1062,0.083871749,1996.50411
215,1062,0.030715371,1997
216,1062,0.07234699,1997.586301
217,1062,0.030861843,1998
218,1062,0.020935202,1998.586301
219,1062,0.0300876,1999.084932
220,1062,0.002138821,1999.586301
221,1062,0.034482258,2000.087671
222,1062,0.040994405,2000.506849
223,1062,0.055738007,2000.841096
224,1062,0.020406923,2002.005479
225,1062,0.01959329,2002.509589
226,1062,0.043381055,2003.087671
227,1062,0.009113227,2003.589041
228,1062,0.013227885,2004.005479
229,1062,0.011752362,2004.509589
230,1062,0.049438027,2005.090411
231,1062,0.020052855,2005.591781
232,1062,0.017483246,2006.090411
233,1062,0.014376345,2006.509589
234,1062,0.02950934,2007.172603
235,1062,0.05977533,2007.591781
236,1062,0.041615736,2008.093151
237,1062,0.037832488,2008.594521
238,1062,0.047674774,2009.175342
239,1062,0.034049239,2009.512329
240,1062,0.037075838,2010.093151
241,1062,0.042372386,2010.594521
242,1062,0.056748731,2011.175342
243,1062,0.047647619,2012.178082
244,1062,0.01844424,2012.59726
245,1062,0.054564209,2013.178082
246,1062,0.116813517,2014.178082
247,1062,0.108359908,2014.59726
248,1062,0.070702918,2015.178082
250,1063,0.003492652,1996
251,1063,0.016616101,1996.50411
252,1063,0.013054033,1997
253,1063,0.014469398,1997.586301
254,1063,0.008416866,1998
255,1063,0.00069784,1998.586301
256,1063,0.007163714,1999.084932
257,1063,0.020675273,1999.586301
258,1063,0.007957444,2000.087671
259,1063,0.009869023,2000.506849
260,1063,0.006193112,2000.841096
261,1063,0.036278974,2002.005479
262,1063,0.007431937,2002.509589
263,1063,0.002733968,2003.589041
264,1063,0.001653486,2004.005479
265,1063,0.002350472,2004.509589
266,1063,0.003862346,2005.090411
267,1063,0.004627582,2005.591781
268,1063,0.004560847,2006.090411
269,1063,0.003783249,2006.509589
270,1063,0.003026599,2007.172603
271,1063,0.017402944,2007.591781
272,1063,0.014376345,2008.093151
273,1063,0.011349746,2008.594521
274,1063,0.009080909,2009.175342
275,1063,0.006053198,2009.512329
276,1063,0.008323147,2010.093151
277,1063,0.006053198,2010.594521
278,1063,0.008323147,2011.175342
279,1063,0.00922212,2012.178082
280,1063,0.01998126,2012.59726
281,1063,0.00230553,2013.178082
282,1063,0.00307404,2014.178082
283,1063,0.033045929,2014.59726
284,1063,0.00614808,2015.178082
285,1064,0.023726562,1996
286,1064,0.038684058,1996.49863
287,1064,0.01568469,1997
288,1064,0.109414856,1997.50137
289,1064,0.01214649,1997.920548
290,1064,0.042663659,1998.254795
291,1064,0.057441709,1999.419178
292,1064,0.018917659,1999.923288
293,1064,0.092323784,2000.50137
294,1064,0.016403809,2001.00274
295,1064,0.034723199,2001.419178
296,1064,0.036824068,2001.923288
297,1064,0.054072842,2002.50411
298,1064,0.047818347,2003.005479
299,1064,0.038767198,2003.50411
300,1064,0.035562538,2003.923288
301,1064,0.034805889,2004.586301
302,1064,0.021942843,2005.005479
303,1064,0.457773101,2005.506849
304,1064,0.028752691,2006.008219
305,1064,0.031783182,2006.589041
306,1064,0.037075838,2006.926027
307,1064,0.041615736,2007.506849
308,1064,0.036319188,2008.008219
309,1064,0.027996041,2008.589041
310,1064,0.045342089,2009.591781
311,1064,0.096063748,2010.591781
312,1064,0.157544547,2011.591781
313,1129,12,1998
314,1129,13,1999
315,1129,9,2000
316,1129,11,2001
317,1129,10,2002
318,1129,14,2003
319,1129,13,2004
320,1129,14,2005
321,1129,12,2006
322,1141,48,1986
323,1141,33,1988
324,1141,62,1989
325,1141,81,1991
326,1141,32,1993
327,1141,27,1996
328,1141,70,1998
329,1142,58,1986
330,1142,62,1988
331,1142,79,1989
332,1142,78,1991
333,1142,60,1993
334,1142,85,1996
335,1142,80,1998
336,1143,70,1986
337,1143,82,1988
338,1143,113,1989
339,1143,126,1991
340,1143,130,1993
341,1143,140,1996
342,1143,166,1998
343,1144,237,1986
344,1144,260,1988
345,1144,280,1989
346,1144,318,1991
347,1144,332,1993
348,1144,335,1996
349,1144,384,1998
350,1145,37,1986
351,1145,49,1987
352,1145,43,1989
353,1145,41,1991
354,1145,60,1994
355,1145,76,1996
356,1146,52,1986
357,1146,44,1988
358,1146,72,1989
359,1146,87,1991
360,1146,64,1993
361,1146,49,1996
362,1146,61,1998
363,1171,295,1942
364,1171,387,1966
365,1171,490,1977
366,1171,619,1991
367,1174,32,1966
368,1174,35,1967
369,1174,29,1968
370,1174,61,1971
371,1174,141,1972
372,1174,96,1973
373,1174,161,1974
374,1174,144,1975
375,1174,96,1976
376,1174,146,1977
377,1174,146,1978
378,1174,117,1979
379,1174,136,1980
380,1174,65,1981
381,1174,111,1982
382,1174,85,1983
383,1174,172,1986
384,1174,69,1989
385,1174,126,1990
386,1174,175,1991
387,1174,102,1992
388,1174,175,1993
389,1174,144,1994
390,1174,166,1995
391,1174,135,1996
392,1174,116,1997
393,1174,140,1998
394,1174,133,1999
395,1175,47,1963
396,1175,25,1964
397,1175,43,1965
398,1175,40,1966
399,1175,150,1967
400,1175,91,1968
401,1175,65,1969
402,1175,122,1970
403,1175,73,1971
404,1175,114,1972
405,1175,71,1973
406,1175,63,1974
407,1175,117,1975
408,1175,66,1976
409,1175,123,1977
410,1175,121,1978
411,1175,158,1979
412,1175,173,1980
413,1175,183,1981
414,1175,136,1982
415,1175,149,1983
416,1175,134,1984
417,1175,116,1985
418,1175,101,1986
419,1175,94,1987
420,1175,143,1988
421,1175,161,1989
422,1175,236,1990
423,1175,159,1991
424,1175,111,1992
425,1175,157,1993
426,1175,254,1994
427,1175,240,1995
428,1175,201,1996
429,1254,100,1941
430,1254,110,1960
431,1255,100,1940
432,1255,45,1951
433,1255,99,1960
434,1256,100,1940
435,1256,19,1951
436,1256,8,1960
437,1260,0.11,1985
438,1260,0.085,1986
439,1260,0.068,1987
440,1260,0.105,1988
441,1260,0.07,1989
442,1260,0.115,1990
443,1260,0.8,1991
444,1260,0.95,1992
445,1260,0.14,1993
446,1260,0.19,1994
447,1260,0.12,1995
448,1260,0.187,1996
449,1260,0.223,1997
450,1260,0.25,1998
451,1260,0.28,1999
452,1260,0.23,2000
453,1260,0.31,2001
454,1260,0.34,2002
455,1260,0.255,2003
456,1260,0.29,2004
457,1274,34,2002
462,1274,38,2004
463,1274,40,2006
458,1274,41,2007
459,1274,49,2008
460,1274,61,2009
461,1274,73,2010
464,1275,59,2002
465,1275,61,2003
466,1275,78,2004
467,1275,86,2005
468,1275,134,2006
469,1275,119,2007
470,1275,159,2008
471,1275,166,2009
472,1275,179,2010
473,1278,195,2004
474,1278,205,2005
475,1278,300,2006
476,1278,405,2007
477,1278,630,2008
478,1278,825,2009
479,1278,910,2010
480,1278,840,2011
481,1279,8,2004
482,1279,40,2005
483,1279,90,2006
484,1279,185,2007
485,1279,170,2008
486,1279,258,2009
487,1279,318,2010
488,1279,395,2011
489,1280,10,2004
490,1280,38,2005
491,1280,22,2006
492,1280,46,2007
493,1280,70,2008
494,1280,186,2009
495,1280,170,2010
496,1280,280,2011
497,1285,54,1993
498,1285,21,1994
499,1285,2,1995
500,1285,0,1996
501,1285,0,1997
502,1286,28,1993
503,1286,34,1994
504,1286,34,1995
505,1286,17,1996
506,1286,12,1997
507,1286,5,1998
508,1287,27,1993
509,1287,27,1994
510,1287,23,1995
511,1287,8,1996
512,1287,16,1997
513,1287,0,1998
514,1328,28,1998
515,1328,11,1999
516,1328,16,2000
517,1328,15,2001
518,1328,20,2002
519,1329,36,1998
520,1329,20,1999
521,1329,6,2000
522,1329,51,2001
523,1329,42,2002
524,1355,8606,1923
525,1355,7953,1924
526,1355,9420,1925
527,1355,10909,1926
528,1355,11046,1927
529,1355,10620,1928
530,1355,10103,1929
531,1355,8616,1930
532,1355,8911,1931
533,1355,9364,1932
534,1355,9771,1933
535,1355,10111,1934
536,1355,11172,1935
537,1355,12233,1936
538,1355,13295,1937
539,1355,14243,1938
540,1355,13997,1939
541,1355,10607,1947
542,1355,9597,1950
543,1355,12401,1955
544,1355,9971,1958
545,1355,11527,1959
546,1355,14550,1960
547,1355,12657,1961
548,1355,12343,1962
549,1355,13224,1963
550,1355,13429,1964
551,1355,13769,1965
552,1355,14334,1966
553,1355,14741,1967
554,1355,15442,1968
555,1355,13978,1969
556,1355,12131,1970
557,1355,12155,1971
558,1355,11842,1972
559,1355,11505,1973
560,1355,11416,1974
561,1355,11215,1975
562,1355,10179,1976
563,1355,9708,1977
564,1355,9800,1978
565,1355,9531,1979
566,1355,9307,1980
567,1355,9015,1981
568,1355,9040,1982
569,1355,9424,1983
570,1355,9854,1984
571,1355,9946,1985
572,1355,10985,1986
573,1355,11482,1987
574,1355,11710,1988
575,1355,11937,1989
576,1355,11916,1990
577,1355,12819,1991
578,1355,14557,1992
579,1355,16227,1993
580,1356,167,1953
581,1356,151,1954
582,1356,421,1955
583,1356,254,1956
584,1356,389,1957
585,1356,1497,1958
586,1356,3109,1959
587,1356,4352,1960
588,1356,7106,1961
589,1356,8399,1962
590,1356,9826,1963
591,1356,11488,1964
592,1356,12748,1965
593,1356,12917,1966
594,1356,12297,1967
595,1356,12667,1968
596,1356,12248,1969
597,1356,10882,1970
598,1356,9967,1971
599,1356,9750,1972
600,1356,9566,1973
601,1356,9332,1974
602,1356,9014,1975
603,1356,8092,1976
604,1356,6934,1977
605,1356,6532,1978
606,1356,6114,1979
607,1356,5628,1980
608,1356,6015,1981
609,1356,6687,1982
610,1356,5781,1983
611,1356,6302,1984
612,1356,6924,1985
613,1356,7479,1986
614,1356,8101,1987
615,1356,8437,1988
616,1356,8455,1989
617,1356,8405,1990
618,1356,8759,1991
619,1356,9615,1992
620,1356,10774,1993
621,1386,408,1971
622,1386,811,1972
623,1386,776,1973
624,1386,1340,1974
625,1386,989,1975
626,1386,812,1976
627,1386,723,1977
628,1386,1141,1978
629,1386,938,1984
630,1386,912,1985
631,1386,1122,1986
632,1386,456,1987
633,1386,644,1998
634,1386,1058,2001
635,1386,1203,2002
636,1386,1345,2003
637,1386,766,2004
638,1389,1500,1958
639,1389,1250,1959
656,1389,900,1960
657,1389,1000,1961
658,1389,870,1962
659,1389,900,1963
660,1389,867,1964
661,1389,700,1965
662,1389,800,1966
663,1389,660,1967
664,1389,790,1968
665,1389,620,1969
666,1389,600,1970
667,1389,610,1971
668,1389,390,1972
669,1389,380,1973
670,1389,395,1974
671,1389,390,1975
672,1389,385,1976
673,1389,390,1977
674,1389,370,1978
675,1389,540,1979
676,1389,610,1980
677,1389,620,1981
678,1389,730,1982
679,1389,760,1983
680,1389,990,1984
681,1389,1100,1985
682,1389,1050,1986
683,1389,1200,1987
684,1389,1240,1988
685,1389,1260,1989
686,1389,1400,1990
687,1389,1600,1991
640,1389,1370,1992
641,1389,1500,1993
642,1389,1470,1994
643,1389,1400,1995
644,1389,1330,1996
645,1389,1550,1997
646,1389,1520,1998
647,1389,2080,1999
648,1389,1830,2000
649,1389,2100,2001
650,1389,2420,2002
651,1389,2140,2003
652,1389,2260,2004
653,1389,1800,2005
654,1389,1850,2006
655,1389,2250,2007
688,1390,2000,1958
689,1390,1600,1959
690,1390,1350,1960
691,1390,1360,1961
692,1390,1450,1962
693,1390,1260,1963
694,1390,1270,1964
695,1390,1180,1965
696,1390,1300,1966
697,1390,1290,1967
698,1390,1255,1968
699,1390,1140,1969
700,1390,920,1970
701,1390,900,1971
702,1390,860,1972
703,1390,910,1973
704,1390,850,1974
705,1390,1100,1975
706,1390,1120,1976
707,1390,910,1977
708,1390,920,1978
709,1390,870,1979
710,1390,930,1980
711,1390,1000,1981
712,1390,900,1982
713,1390,880,1983
714,1390,1000,1984
715,1390,930,1985
716,1390,920,1986
717,1390,1050,1987
718,1390,1200,1988
719,1390,1240,1989
720,1390,1400,1990
721,1390,1230,1991
722,1390,1550,1992
723,1390,1560,1993
724,1390,1600,1994
725,1390,1400,1995
726,1390,1630,1996
727,1390,2300,1997
728,1390,2600,1998
729,1390,2670,1999
730,1390,2700,2000
731,1390,2900,2001
732,1390,2850,2002
733,1390,3500,2003
734,1390,3450,2004
735,1390,3460,2005
736,1390,3000,2006
737,1390,3000,2007
738,1409,126,1988
739,1409,83,1989
740,1409,50,1990
741,1409,28,1991
742,1409,19,1993
743,1409,50,1994
744,1409,6,1995
745,1409,14,1996
746,1409,0,1997
747,1410,5.6,1989
748,1410,7.8,1990
749,1410,2.7,1991
750,1410,7.9,1992
751,1410,6.8,1993
752,1410,9.3,1994
753,1410,10.1,1995
754,1410,11.5,1996
755,1410,19,1997
756,1419,50,2000
757,1419,77,2001
758,1419,90,2002
759,1419,153,2003
760,1419,196,2004
761,1419,184,2005
762,1419,270,2006
763,1419,281,2007
764,1419,295,2008
765,1445,179,2001
766,1445,149,2002
767,1446,1450,1865
768,1446,3000,1879
769,1460,1000,1875
770,1460,400,1880
771,1461,100,1887
772,1461,100,1915
773,1470,0.95,1995
774,1470,0.87,1996
775,1470,0.76,1997
776,1470,0.785,1998
777,1470,0.8,1999
778,1470,0.805,2000
779,1470,0.64,2001
780,1470,0.67,2002
781,1470,0.71,2003
782,1470,0.72,2004
783,1471,119.4,1980
784,1471,109.75,1990
785,1471,99.05,2000
786,1474,0,2005
787,1474,2520,2012
788,1476,0,2005
789,1476,600,2012
790,1479,0,2005
791,1479,11,2012
792,1480,2,1950
793,1480,11,2012
794,1481,0,2005
795,1481,2,2012
796,1485,400,2005
797,1485,350,2012
798,1490,0,2005
799,1490,50,2012
800,1491,0,2005
801,1491,70,2012
802,1492,0,2005
803,1492,12.5,2012
804,1493,0,2005
805,1493,7.5,2012
806,1494,0,2005
807,1494,37.5,2012
808,1495,0,2005
809,1495,12,2012
810,1496,0,2005
811,1496,4,2012
812,1497,0,2005
813,1497,13,2012
814,1498,0,2005
815,1498,12.5,2012
816,1499,0,2005
817,1499,7.5,2012
818,1500,0,2005
819,1500,101.5,2012
820,1501,0,2005
821,1501,76,2012
822,1502,0,2005
823,1502,32,2012
824,1503,0,2005
825,1503,19,2012
826,1506,0,2005
827,1506,10,2012
828,1512,0,2005
829,1512,12.5,2012
830,1517,450,2005
831,1517,560,2012
832,1529,40,2005
833,1529,44.5,2012
834,1530,0,2005
835,1530,5,2012
836,1531,9,2005
837,1531,46.5,2012
838,1532,2.5,2005
839,1532,7.5,2012
840,1533,0,2005
841,1533,1,2012
842,1537,0,2005
843,1537,265,2012
845,1538,0,2005
844,1538,30,2012
846,1539,0,2005
847,1539,157.5,2012
848,1541,0,2005
849,1541,300,2012
850,1544,0,2005
851,1544,43,2012
852,1545,0,2005
853,1545,105,2012
854,1546,0,2005
855,1546,1,2012
856,1547,0,2005
857,1547,3,2012
858,1573,0,2005
859,1573,5,2012
860,1576,0,2005
861,1576,8,2012
862,1580,45,1983
863,1580,52,1984
864,1580,59,1985
865,1580,60,1986
866,1580,60,1987
867,1580,60,1988
868,1580,60,1989
869,1580,60,1990
870,1580,55,1991
871,1580,59,1992
872,1580,62,1993
873,1580,63,1994
874,1580,66,1995
875,1580,70,1996
876,1580,73,1997
877,1580,80,1998
878,1580,68,1999
879,1580,58,2000
880,1580,40,2001
881,1580,39,2002
882,1580,47,2003
883,1580,55,2004
884,1580,86,2005
885,1580,108,2006
886,1580,144,2007
887,1625,67,2000
888,1625,77,2001
889,1625,79,2002
890,1625,84,2003
891,1625,109,2004
892,1626,98,2005
893,1626,80,2006
894,1626,137,2007
895,1626,128,2008
896,1627,138,2009
897,1627,122,2010
898,1627,113,2011
899,1627,121,2012
900,1645,18,1989
901,1645,13,1990
902,1645,14,1991
903,1645,13,1992
904,1645,21,1993
905,1645,23,1994
906,1645,27,1995
907,1645,26,1996
908,1645,19,1997
909,1646,11,1989
910,1646,13,1990
911,1646,20,1991
912,1646,22,1992
913,1646,18,1993
914,1646,23,1994
915,1646,24,1995
916,1646,17,1996
917,1646,29,1997
918,1647,100,1941
919,1647,14,1951
920,1647,82,1960
921,1648,100,1940
922,1648,1396,1951
923,1648,213,1960
924,1649,100,1940
925,1649,261,1951
926,1649,2553,1960
927,1650,100,1940
928,1650,854,1960
929,1666,180,1974
930,1666,205,1979
931,1666,239,1984
932,1666,284,1990
933,1666,304,1995
934,1666,327,2000
935,1666,359,2005
936,1666,411,2010
937,1667,142,1974
938,1667,161,1979
939,1667,201,1984
940,1667,212,1990
941,1667,268,1995
942,1667,310,2010
943,1668,63,1974
944,1668,84,1979
945,1668,192,1984
946,1668,97,1990
947,1668,137,1995
948,1668,150,2010
950,1672,0.005617978,1966
951,1672,0.004807692,1967
952,1672,0.004201681,1968
953,1672,0.003322259,1970
954,1672,0.002832861,1971
955,1672,0.004424779,1972
956,1672,0.004291845,1974
957,1672,0.004716981,1975
958,1672,0.008333333,1976
949,1672,0.008333333,1980
959,1673,0.004237288,1968
960,1673,0.006410256,1981
961,1673,0.004444444,1983
962,1674,0.007407407,1982
963,1674,0.003289474,1983
964,1674,0.005882353,1983.1
965,1674,0.013157895,1984
966,1675,4,1982
967,1675,2,1983
968,1675,0,1984
969,1675,3,1985
970,1675,4,1986
971,1675,6,1987
972,1675,8,1988
973,1675,5,1989
974,1675,5,1990
975,1675,5,1991
976,1675,7,1992
977,1675,6,1993
978,1675,2,1994
979,1675,1,1995
980,1675,1,1996
981,1675,1,1997
982,1675,0,1998
983,1675,0,1999
984,1675,0,2000
985,1675,0,2001
995,1675,0,2002
986,1675,0,2003
987,1675,0,2004
988,1675,0,2005
989,1675,0,2006
990,1675,0,2007
991,1675,0,2008
992,1675,0,2009
993,1675,0,2010
994,1675,0,2011
996,1676,43,1982
997,1676,2,1983
998,1676,8,1984
999,1676,21,1985
1000,1676,8,1986
1001,1676,9,1987
1002,1676,7,1988
1003,1676,21,1989
1004,1676,13,1990
1005,1676,10,1991
1006,1676,8,1992
1007,1676,6,1993
1008,1676,9,1994
1009,1676,5,1995
1010,1676,8,1996
1011,1676,5,1997
1012,1676,6,1998
1013,1676,3,1999
1014,1676,3,2000
1015,1676,7,2001
1016,1676,5,2002
1017,1676,2,2003
1018,1676,14,2004
1019,1676,27,2005
1020,1676,4,2006
1021,1676,23,2007
1022,1676,31,2008
1023,1676,3,2009
1024,1676,26,2010
1025,1676,60,2011
1026,1677,6,1982
1027,1677,1,1983
1028,1677,3,1984
1029,1677,17,1985
1030,1677,1,1986
1031,1677,3,1987
1032,1677,3,1988
1033,1677,6,1989
1034,1677,5,1990
1035,1677,3,1991
1036,1677,2,1992
1037,1677,6,1993
1038,1677,10,1994
1039,1677,4,1995
1040,1677,2,1996
1041,1677,5,1997
1042,1677,9,1998
1043,1677,4,1999
1044,1677,1,2000
1045,1677,16,2001
1046,1677,6,2002
1047,1677,3,2003
1048,1677,13,2004
1049,1677,18,2005
1050,1677,5,2006
1051,1677,13,2007
1052,1677,12,2008
1053,1677,1,2009
1054,1677,10,2010
1055,1677,21,2011
1056,1678,7.5,1988
1057,1678,9.4,1989
1058,1678,9,1990
1059,1678,7.8,1991
1060,1678,8.9,1992
1061,1678,8,1993
1062,1678,7,1994
1063,1678,7.1,1995
1064,1678,5.2,1996
1065,1678,5.1,1997
1066,1678,3.6,1999
1067,1678,3.1,2000
1068,1679,4,1988
1069,1679,4.6,1989
1070,1679,6.4,1990
1071,1679,5,1991
1072,1679,5,1992
1073,1679,5.2,1993
1074,1679,4.6,1994
1075,1679,5.8,1995
1076,1679,5.4,1996
1077,1679,5.3,1997
1078,1679,3,1999
1079,1679,2.6,2000
1084,1680,7,1988
1080,1680,6.6,1989
1081,1680,6.3,1990
1082,1680,6,1991
1083,1680,5.7,1992
1089,1680,5,1993
1085,1680,4.8,1994
1087,1680,4.4,1995
1086,1680,4.2,1996
1088,1680,4,1997
1090,1680,3.7,1999
1091,1680,2.2,2000
1092,1681,14.8,1989
1093,1681,11.1,1990
1094,1682,2.7,1989
1095,1682,3.1,1990
1096,1683,5.6,1989
1097,1683,7.5,1990
1098,1684,16.1,1994
1099,1684,6,1995
1100,1684,1.1,1996
1101,1684,0,1997
1102,1684,0,1999
1103,1685,8,1993
1104,1685,9.7,1994
1105,1685,9.7,1995
1106,1685,3.6,1996
1107,1685,2.9,1997
1108,1685,1.2,1998
1109,1686,5.6,1993
1110,1686,8,1995
1111,1686,4.8,1996
1112,1686,2.8,1997
1113,1686,2.7,1999
1114,1686,1.6,2000
1115,1687,6.9,1993
1116,1687,2.2,1995
1117,1687,1.7,1996
1118,1687,0.5,1997
1119,1687,0,2000
1120,1689,25.1,1996
1121,1689,14.9,1999
1122,1689,10.8,2002
1138,1693,96.7,1998
1123,1693,122,1999
1124,1693,154,2000
1125,1693,151,2001
1126,1693,158,2002
1127,1693,200,2003
1128,1693,163,2004
1129,1693,215,2005
1130,1693,256,2006
1131,1693,289,2007
1132,1693,284,2008
1133,1693,348,2009
1134,1693,362,2010
1135,1693,408,2011
1136,1693,415,2012
1137,1693,412,2013
1139,1695,322,1987
1140,1695,524,1987.5
1141,1695,393,1988
1142,1695,750,1988.5
1143,1695,429,1989
1144,1695,786,1989.5
1145,1695,525,1990
1146,1695,500,1990.5
1147,1696,500,1990
1148,1696,185,1990.5
1149,1696,310,1991
1150,1698,7.5,1975
1151,1698,26.2,1975.5
1152,1698,13.2,1976
1153,1698,50.1,1976.5
1154,1698,10.1,1977
1155,1698,44.6,1977.5
1156,1698,20.6,1978
1157,1698,33.9,1978.5
1158,1698,15.3,1979
1159,1698,61.5,1979.5
1160,1698,34.7,1980
1161,1698,59.8,1980.5
1162,1698,55.6,1981
1163,1698,101.3,1981.5
1164,1698,62.9,1982
1165,1698,128.9,1982.5
1166,1698,68.8,1983
1167,1698,137,1983.5
1168,1698,65.3,1984
1169,1698,54.9,1984.5
1170,1698,47,1985
1171,1698,37.9,1985.5
1172,1698,31.3,1986
1173,1698,81.1,1986.5
1174,1699,7.5,1963
1175,1699,6.4,1964
1176,1699,6.3,1965
1177,1699,4.3,1966
1178,1699,2.1,1967
1179,1699,1.4,1968
1180,1699,2.4,1969
1181,1699,5.2,1970
1182,1699,8.2,1971
1183,1699,15.1,1972
1184,1699,6,1973
1185,1699,2.7,1973.5
1186,1699,5.5,1974
1187,1699,4.7,1974.5
1188,1699,6.5,1975
1189,1699,4.6,1975.5
1190,1699,13.1,1976
1191,1699,0.9,1976.5
1192,1699,6.5,1977
1193,1699,2.7,1977.5
1194,1699,9.7,1978
1195,1699,6.4,1978.5
1196,1699,15.9,1979
1197,1699,4.4,1979.5
1198,1699,29,1980
1199,1699,16.3,1980.5
1200,1699,27.7,1981
1201,1699,4.7,1981.5
1202,1699,20.3,1982
1203,1699,3.3,1982.5
1204,1699,28.3,1983
1205,1699,8.9,1983.5
1206,1699,19.3,1984
1207,1699,8.5,1984.5
1208,1699,22.7,1985
1209,1699,13,1985.5
1210,1699,15.1,1986
1211,1699,17.5,1987
1212,1699,26.3,1988
1213,1699,10.9,1988.5
1214,1699,20.1,1989
1215,1699,5.3,1989.5
1216,1699,17.3,1990
1217,1699,7.9,1990.5
1218,1699,22.3,1991
1219,1699,6.7,1991.5
1220,1699,16.3,1992
1221,1699,23.1,1992.5
1222,1699,8.6,1993
1223,1701,9,1997
1224,1701,10,1998
1225,1701,15,1999
1226,1701,5,2000
1227,1701,6,2001
1228,1701,14,2002
1229,1701,24,2003
1230,1701,31,2004
1231,1701,44,2005
1232,1701,59,2006
1233,1701,54,2007
1234,1701,64,2008
1235,1703,693,2005
1236,1703,871,2008
1237,1703,1071,2012
1238,1703,973,2015
1239,1705,9.6,1977
1240,1705,6.2,1980
1241,1707,11.2,1977
1242,1707,9.4,1978
1243,1707,9.8,1979
1244,1707,10.4,1980
1245,1708,10,1977
1246,1708,8.1,1978
1247,1708,5.2,1979
1248,1708,7.2,1980
1249,1708,9.7,1981
1250,1709,3.8,1977
1251,1709,1.1,1978
1252,1709,0.8,1979
1253,1710,11.2,1982
1254,1710,22.1,1983
1255,1710,20.7,1984
1256,1710,15.4,1985
1258,1711,23.2,1982
1264,1711,4.6,1982.5
1262,1711,15,1983
1257,1711,2.4,1983.5
1260,1711,14.7,1984
1259,1711,3.2,1984.5
1261,1711,12,1985
1265,1711,4.2,1985.5
1263,1711,12.8,1986
1266,1712,10.3,1978
1267,1712,7.5,1979
1268,1712,7.9,1980
1269,1712,17.2,1982
1270,1712,28.3,1983
1271,1712,39.1,1984
1272,1713,44.6,1984
1273,1713,12.1,1984.5
1274,1713,18.3,1985
1275,1713,3.6,1985.5
1276,1713,21,1986.5
1277,1713,7.8,1987
1278,1714,32.1,1984
1279,1714,24.6,1985
1280,1714,15,1987
1281,1716,14000,1985
1282,1716,15500,1986
1283,1716,17600,1987
1284,1716,9200,1988
1285,1716,21900,1989
1286,1716,13700,1990
1287,1716,16800,1991
1288,1716,22000,1992
1289,1716,32000,1993
1290,1716,14600,1994
1291,1716,36800,1995
1292,1716,11000,1996
1293,1716,39200,1997
1294,1716,28100,1998
1295,1716,41000,1999
1296,1716,20000,2000
1297,1716,18300,2001
1298,1716,54000,2002
1299,1716,45000,2003
1300,1716,24500,2004
1301,1716,40000,2005
1302,1717,4.6,2003
1303,1717,10.39,2008
1304,1717,14,2009
1305,1717,12.21,2010
1306,1717,17.15,2011
1307,1717,17.84,2012
1308,1718,14.1,1975
1309,1718,7.4,1976
1310,1718,5.9,1977
1311,1718,4.7,1978
1312,1718,4.4,1979
1313,1718,6.6,1980
1314,1718,8.4,1981
1315,1718,11.5,1985
1316,1718,11.2,1987
1317,1718,10.8,1988
1318,1718,15.7,1991
1319,1718,15.4,1993
1320,1718,10.6,1994
1321,1719,6.4,1992
1322,1719,6.8,1993
1323,1719,6.1,1994
1324,1719,7.1,1995
1325,1719,6.8,1996
1326,1719,7.6,1997
1327,1719,7.2,1998
1328,1719,7.7,1999
1329,1720,29.4,1986
1330,1720,24.5,1987
1331,1720,26.8,1988
1332,1720,23.2,1989
1333,1720,33.4,1990
1334,1720,33.2,1991
1335,1720,49.3,1992
1336,1720,36.6,1993
1337,1720,38.5,1994
1338,1720,42.8,1995
1339,1720,60,1996
1340,1720,43.8,1997
1341,1720,49.4,1998
1342,1721,0,1980
1343,1721,282,2008
1344,1731,0.018,1995
1345,1731,0.18,1996
1346,1731,0.02,1997
1347,1731,0.016,1999
1348,1731,0,2001
1349,1731,0,2002
1350,1731,0,2003
1351,1731,0,2004
1352,1731,0.03,2006
1353,1731,0,2007
1354,1731,0,2008
1355,1731,0,2009
1356,1732,0.01,1995
1357,1732,0.015,1996
1358,1732,0,1997
1359,1732,0.006,1999
1360,1732,0.019,2001
1361,1732,0.025,2002
1362,1732,0.005,2003
1363,1732,0,2004
1364,1732,0,2006
1365,1732,0.005,2007
1366,1732,0,2008
1367,1732,0,2009
1368,1740,105000,1960
1369,1740,130000,1990
1370,1741,2.7,1996
1371,1741,3.2,1997
1372,1741,2.5,1998
1373,1741,2,1999
1374,1741,1.6,2000
1375,1741,1.2,2001
1376,1741,1.3,2002
1377,1741,1.5,2003
1378,1743,2.9,2000
1379,1743,2.7,2001
1380,1743,2.9,2002
1381,1743,2.9,2003
1382,1744,117.67,2003
1383,1744,49.91,2004
1384,1750,0.05,1990
1385,1750,0.07,1990.5
1386,1750,0.1,1991
1387,1750,0.04,1991.5
1388,1750,0.05,1992
1389,1750,0.04,1992.5
1390,1751,58.1,2001
1391,1751,8.9,2005
1392,1752,0.77,1968
1393,1752,2.28,1969
1394,1752,1.96,1970
1395,1752,2.63,1971
1396,1752,2.2,1972
1397,1752,1.3,1973
1398,1752,0,1974
1399,1752,2.34,1975
1400,1752,0,1976
1401,1752,0.99,1977
1402,1752,1.46,1978
1403,1752,0.42,1979
1404,1752,0,1980
1405,1752,0,1981
1406,1752,0,1982
1407,1752,0,1983
1408,1752,0,1984
1409,1752,0,1985
1410,1752,0,1986
1411,1752,0,1987
1412,1752,3.4,1988
1413,1752,0.6,1989
1414,1752,0.3,1990
1415,1752,1.44,1991
1416,1752,0,1992
1417,1752,0.16,1993
1418,1752,0,1994
1419,1752,0.8,1995
1420,1752,0,1996
1421,1752,0,1997
1422,1752,0.1,1998
1423,1752,0,1999
1424,1752,0,2000
1425,1752,0,2001
1426,1752,0,2004
1427,1752,0,2005
1428,1752,0,2006
1429,1752,0.23,2007
1430,1752,0.14,2008
1431,1752,0,2009
1432,1759,110,1985
1433,1759,133,1986
1434,1759,111,1987
1435,1759,47,1988
1436,1759,36,1989
1437,1759,30,1990
1438,1759,28,1991
1439,1759,20,1992
1440,1759,69,1993
1441,1759,100,1994
1442,1759,113,1995
1443,1760,12,1984
1444,1760,8,1985
1445,1760,9,1986
1446,1760,7.4,1987
1447,1760,9.2,1988
1448,1760,7.3,1989
1449,1760,6.8,1990
1450,1760,2.2,1991
1451,1760,5.6,1992
1452,1760,10.8,1993
1453,1760,17.5,1994
1454,1760,8,1995
1455,1761,1.64,1981
1456,1761,1.16,1982
1457,1761,0.54,1983
1458,1761,1.02,1984
1459,1761,0.75,1985
1460,1761,0.76,1986
1461,1761,0.63,1987
1462,1761,0.77,1988
1463,1761,0.61,1989
1464,1761,0.54,1990
1465,1761,0.21,1991
1466,1761,0.41,1992
1467,1761,0.91,1993
1468,1761,1.68,1994
1469,1761,0.62,1995
1470,1763,118,1983
1471,1763,219,1984
1472,1763,161,1985
1473,1763,162,1986
1474,1763,135,1987
1475,1763,167,1988
1476,1763,132,1989
1477,1763,117,1990
1478,1763,47,1991
1479,1763,88,1992
1480,1763,197,1993
1481,1763,362,1994
1482,1763,134,1995
1483,1766,50.6,2005
1484,1766,58.1,2006
1485,1766,40.59,2007
1486,1766,42.81,2008
1487,1766,46.98,2009
1488,1766,44.48,2010
1489,1766,35.31,2011
1490,1766,55.88,2012
1491,1767,14,1959
1492,1767,17,1960
1493,1767,13,1961
1494,1767,17,1962
1495,1767,16,1963
1496,1767,11,1964
1497,1767,19,1965
1498,1767,15,1966
1499,1767,12,1967
1500,1767,13,1968
1501,1767,14,1969
1502,1767,12,1970
1503,1767,16,1971
1504,1767,11,1972
1505,1767,14,1973
1506,1767,15,1974
1507,1767,4,1975
1508,1767,17,1976
1509,1767,13,1977
1510,1767,9,1978
1511,1767,13,1979
1512,1767,12,1980
1513,1767,13,1981
1514,1767,11,1982
1515,1767,13,1983
1516,1767,17,1984
1517,1767,9,1985
1518,1768,1.45,1958
1519,1768,1.86,1959
1520,1768,1.28,1960
1521,1768,1.9,1961
1522,1768,1.7,1962
1523,1768,1.53,1963
1524,1768,1.96,1964
1525,1768,1.75,1965
1526,1768,1.63,1966
1527,1768,1.69,1967
1528,1768,1.73,1968
1529,1768,1.65,1969
1530,1768,1.82,1970
1531,1768,1.57,1971
1532,1768,1.75,1972
1533,1768,1.78,1973
1534,1768,0.41,1974
1535,1768,1.89,1975
1536,1768,1.75,1976
1537,1768,0.89,1977
1538,1768,1.68,1978
1539,1768,1.64,1979
1540,1768,1.74,1980
1541,1768,1.57,1981
1542,1768,1.66,1982
1543,1768,1.88,1983
1544,1768,0.84,1984
1545,1768,2.68,1985
1546,1768,1.21,1986
1547,1768,1.91,1987
1548,1768,1.78,1988
1549,1768,2.51,1989
1550,1768,2.42,1990
1551,1768,2.34,1991
1552,1768,1.99,1992
1553,1768,1.98,1993
1554,1770,2.3,1975
1555,1770,0.5,1988
1556,1774,11.4,2009
1557,1774,10,2011
1558,1775,15500,1991
1559,1775,24000,1997
1560,1775,25200,2002
1561,1775,20000,2008
1562,1776,7.9,1995
1563,1776,9.6,1996
1564,1776,7.2,1997
1565,1777,7.1,1995
1566,1777,5.9,1996
1567,1777,5.9,1997
1568,1779,15000,1991
1569,1779,22200,1997
1570,1779,22500,2002
1571,1781,265,1972
1572,1781,260,1973
1573,1781,250,1974
1574,1781,239,1975
1575,1781,125,1976
1576,1781,100,1977
1577,1781,80,1978
1578,1783,76,1970
1579,1783,44,1974
1580,1783,45,1975
1581,1783,59,1976
1582,1783,30,1977
1583,1783,25,1978
1584,1783,23,1979
1585,1783,12,1980
1586,1783,14,1981
1587,1783,11,1982
1588,1783,16,1983
1589,1783,28,1984
1590,1783,30,1985
1591,1783,23,1986
1592,1783,12,1987
1593,1783,20,1988
1594,1783,12,1989
1595,1783,25,1990
1596,1783,27,1991
1597,1783,0,1992
1598,1788,192,1967
1599,1788,2075,1994
1600,1789,4,1985
1601,1789,10,1986
1602,1789,12,1987
1603,1789,15,1988
1604,1789,19,1989
1605,1789,16,1990
1606,1789,15,1991
1607,1789,13,1992
1608,1789,9,1993
1609,1789,11,1994
1610,1789,9,1995
1611,1789,8,1996
1612,1789,5,1997
1613,1789,3,1998
1614,1789,3,1999
1615,1789,3,2000
1616,1789,4,2001
1617,1789,2,2002
1618,1789,2,2003
1619,1789,4,2004
1620,1789,4,2005
1621,1789,6,2006
1625,1789,8,2007
1622,1789,4,2008
1623,1789,4,2009
1624,1789,4,2010
1626,1793,1050,1974
1627,1793,90,1994
1628,1795,6.49,2002
1629,1795,4.9,2006
1630,1802,0.027,1991
1631,1802,0.013,1996
1632,1804,1.4,1989
1633,1804,3,1990
1634,1804,5.6,1991
1635,1804,8,1992
1636,1804,9,1993
1637,1804,10.4,1994
1638,1804,10.6,1995
1639,1808,63,1938
1640,1808,68,1983
1641,1808,91,2006
1643,1809,9,1937
1642,1809,21,1996
1644,1810,3,1987
1645,1810,4.2,1988
1646,1810,14,1989
1647,1810,17,1990
1648,1810,7.6,1991
1649,1810,4,1992
1650,1810,2.2,1993
1651,1810,2.9,1994
1652,1810,2.7,1995
1653,1814,0.18,1977
1654,1814,0.2,1995
1664,1818,4.44,2005
1655,1818,4.44,2006
1665,1818,3.33,2007
1666,1818,3.33,2008
1667,1818,3.33,2009
1656,1818,3.89,2010
1657,1818,6.67,2011
1658,1818,6.67,2012
1659,1818,7.78,2013
1660,1818,6.67,2014
1668,1818,6.11,2015
1661,1818,6.11,2016
1669,1818,5,2017
1662,1818,7.78,2018
1663,1818,8.89,2019
1670,1820,37500,1988
1671,1820,37500,2001
1672,1821,140000,1988
1673,1821,140000,2001
1674,1822,30000,1988
1675,1822,30000,2001
1676,1823,14000,1988
1677,1823,15000,2001
1678,1824,8000,1988
1679,1824,8000,2001
1680,1825,5000,1988
1681,1825,10000,2001
1682,1826,9000,1988
1683,1826,9000,2001
1684,1827,70000,1988
1685,1827,87500,2001
1686,1828,60000,1988
1687,1828,60000,2001
1688,1829,27000,1988
1689,1829,37500,2001
1690,1830,10000,1988
1691,1830,10000,2001
1692,1831,80000,1988
1693,1831,80000,2001
1694,1832,2400,1988
1695,1832,4000,2001
1696,1833,2250,1988
1697,1833,2250,2001
1698,1834,20000,1988
1699,1834,31000,2001
1700,1835,8000,1988
1701,1835,10000,2001
1702,1836,1500,1988
1703,1836,1500,2001
1704,1837,2100,1988
1705,1837,2200,2001
1706,1838,22500,1988
1707,1838,22500,2001
1708,1839,19000,1988
1709,1839,23000,2001
1710,1840,1000,1988
1711,1840,2000,2001
1712,1841,8500,1988
1713,1841,19000,2001
1714,1842,12500,1988
1715,1842,25000,2001
1716,1843,22500,1988
1717,1843,20000,2001
1718,1844,4000,1988
1719,1844,4900,2001
1720,1845,4800,1988
1721,1845,5500,2001
1722,1846,5000,1988
1723,1846,6000,2001
1724,1847,6700,1988
1725,1847,10700,2001
1726,1848,24500,1988
1727,1848,27500,2001
1728,1849,7500,1988
1729,1849,15000,2001
1730,1850,300,1988
1731,1850,600,2001
1732,1851,1000,1988
1733,1851,2250,2001
1734,1852,1000,1988
1735,1852,3250,2001
1736,1853,2500,1988
1737,1853,3500,2001
1738,1854,3000,1988
1739,1854,5500,2001
1740,1855,20000,1988
1741,1855,27500,2001
1742,1856,4000,1988
1743,1856,13500,2001
1744,1857,8100,1988
1745,1857,11900,2001
1746,1858,6000,1988
1747,1858,6000,2001
1748,1859,200,1988
1749,1859,75,2001
1750,1866,100,1988
1751,1866,500,2001
1752,1867,300,1988
1753,1867,500,2001
1754,1873,300,1988
1755,1873,1600,2001
1756,1874,100,1988
1757,1874,200,2001
1758,1881,7,1992
1759,1881,16,1993
1760,1881,15,1994
1761,1881,26,1995
1762,1881,18,1996
1763,1881,20,1997
1764,1881,14,1998
1765,1881,19,1999
1766,1881,15,2000
1767,1881,14,2001
1768,1881,18,2002
1769,1881,22,2003
1770,1881,23,2004
1771,1886,173,1820
1772,1886,135,1830
1773,1886,102,1840
1774,1886,95,1850
1775,1886,14,1860
1776,1886,7,1870
1777,1886,11,1880
1778,1886,15,1890
1779,1889,76,1962
1780,1889,50,1969
1781,1889,42,1977
1782,1889,61,1979
1783,1889,92,1982
1784,1889,102,1983
1785,1889,70,1986
1786,1889,51,1990
1787,1889,60,1995
1788,1889,109,2002
1789,1889,119,2004
1790,1889,203,2006
1791,1890,22,1962
1792,1890,18,1969
1793,1890,20,1977
1794,1890,23,1979
1795,1890,40,1982
1796,1890,43,1983
1797,1890,23,1986
1798,1890,20,1990
1799,1890,25,2006
1800,1891,32,2000
1801,1891,37,2001
1802,1891,67,2002
1803,1891,19,2003
1804,1891,20,2004
1805,1891,29,2005
1806,1891,38,2006
1807,1891,18,2007
1808,1891,23,2008
1809,1891,16,2009
1810,1891,23,2010
1811,1891,19,2011
1812,1891,40,2012
1813,1891,29,2013
1814,1891,27,2014
1815,1891,20,2015
1816,1892,23.5,1984
1817,1892,31,1985
1818,1892,31,1986
1819,1892,36,1987
1820,1892,33,1988
1821,1903,10,1869
1822,1903,24,1870
1823,1903,24,1872
1824,1903,33,1873
1825,1903,24,1874
1826,1903,19,1875
1827,1903,5,1876
1828,1903,24,1877
1829,1903,5,1878
1830,1903,5,1879
1831,1903,5,1880
1832,1903,10,1883
1833,1903,29,1884
1834,1903,10,1885
1835,1903,0,1886
1836,1903,0,1887
1837,1903,0,1888
1838,1903,14,1889
1839,1903,0,1890
1840,1903,10,1891
1841,1903,0,1892
1842,1903,5,1893
1843,1903,10,1894
1844,1903,5,1895
1845,1903,0,1896
1846,1903,30,1897
1847,1903,95,1899
1848,1903,76,1902
1849,1904,1.37,2009
1850,1904,1.41,2013
1851,1905,0.69,2009
1852,1905,0.7,2013
1853,1906,0.69,2009
1854,1906,0.7,2013
1855,1907,1.7,2009
1856,1907,1.66,2013
1857,1908,1.01,2009
1858,1908,1.01,2013
1859,1909,0.32,2009
1860,1909,0.32,2013
1861,1910,1.7,2009
1862,1910,1.71,2013
1863,1911,0.34,2009
1864,1911,0.33,2013
1865,1912,0.34,2009
1866,1912,0.34,2013
1867,1920,96,1997
1868,1920,99,1998
1869,1920,101,1999
1870,1920,134,2000
1871,1920,128,2001
1872,1920,137,2002
1873,1920,143,2003
1874,1920,180,2004
1875,1920,200,2005
1876,1920,241,2006
1877,1920,191,2007
1878,1920,203,2008
1879,1920,150,2009
1880,1920,140,2010
1881,1921,20.5,1920
1882,1921,76.4,1979
1883,1921,54.2,1993
1884,1921,99.2,2009
1885,1923,71,1982
1886,1923,76,1983
1887,1923,91,1984
1888,1923,93,1985
1889,1923,116,1986
1890,1923,193,1987
1891,1923,162,1988
1892,1923,110,1989
1893,1923,149,1990
1894,1923,199,1991
1895,1923,199,1992
1896,1923,202,1993
1897,1923,220,1994
1898,1923,280,1995
1899,1923,300,1996
1900,1923,310,1997
1901,1923,330,1998
1902,1923,380,1999
1903,1923,382,2000
1904,1923,387,2001
1905,1923,400,2002
1906,1923,413,2003
1907,1923,450,2004
1908,1923,506,2005
1909,1923,468,2006
1910,1923,480,2007
1911,1924,61.7,2007
1912,1924,69.8,2008
1913,1924,72.2,2009
1914,1925,61.8,2007
1915,1925,66.3,2008
1916,1925,31.8,2009
1917,1926,64.1,2007
1918,1926,48.6,2008
1919,1926,40.1,2009
1920,1927,13.6,2007
1921,1927,9.3,2008
1922,1927,7.7,2009
1923,1928,0.14,1998
1924,1928,0.48,1998.33
1925,1928,0.23,1998.66
1926,1928,0.14,1998.99
1927,1928,0.22,1999.32
1928,1928,0.12,1999.65
1929,1929,0.18,1998
1930,1929,0.67,1998.33
1931,1929,0.21,1998.66
1932,1929,0.2,1998.99
1933,1929,0.34,1999.32
1934,1929,0.18,1999.65
1935,1930,96,2003
1936,1930,4,2004
1937,1930,70,2007
1938,1930,123,2010
1939,1931,25,1975
1940,1931,33,1976
1941,1931,35,1977
1942,1931,18,1980
1943,1931,28,1981
1944,1931,36,1982
1945,1931,44,1983
1946,1931,39,1984
1947,1931,44,1985
1948,1931,45,1986
1949,1931,49,1987
1950,1931,52,1988
1951,1931,53,1989
1952,1931,46,1990
1953,1931,37,1991
1954,1931,34,1992
1955,1931,36,1993
1956,1931,42,1994
1957,1932,0.37,2003
1958,1932,0.34,2004
1959,1932,0.3,2005
1960,1932,0.38,2006
1961,1932,0.39,2007
1962,1933,0.25,2003
1963,1933,0.25,2004
1964,1933,0.19,2005
1965,1933,0.13,2006
1966,1933,0.14,2007
1967,1934,0.62,2003
1968,1934,0.54,2004
1969,1934,0.4,2005
1970,1934,0.48,2006
1971,1934,0.34,2007
1972,1935,0.35,2003
1973,1935,0.3,2004
1974,1935,0.35,2005
1975,1935,0.34,2006
1976,1935,0.31,2007
1977,1936,0.32,2003
1978,1936,0.2,2004
1979,1936,0.29,2005
1980,1936,0.24,2006
1981,1936,0.29,2007
1982,1937,0.47,2003
1983,1937,0.3,2004
1984,1937,0.49,2005
1985,1937,0.28,2006
1986,1937,0.44,2007
1987,1938,12,1962
1988,1938,100,1975
1989,1939,100,1975
1990,1939,100,1983
1991,1940,100,1983
1992,1940,29,1998
1993,1941,8.9,1982
1994,1941,5.4,1983
1995,1941,3.3,1984
1996,1941,1.3,1985
1997,1942,8.6,1982
1998,1942,4,1983
1999,1942,3,1984
2000,1942,0.9,1985
2001,1943,3.78,1959
2002,1943,3.85,1960
2003,1943,3.83,1961
2004,1943,3.78,1962
2005,1943,3.83,1963
2006,1943,3.81,1964
2007,1943,3.73,1965
2008,1943,3.69,1966
2009,1943,3.66,1967
2010,1943,3.66,1968
2011,1943,3.74,1969
2012,1943,3.66,1970
2013,1943,3.69,1971
2014,1943,3.66,1972
2015,1943,3.46,1973
2016,1943,3.58,1974
2017,1943,3.53,1975
2018,1943,3.69,1976
2019,1943,3.58,1977
2020,1943,3.46,1978
2021,1943,3.54,1979
2022,1943,3.46,1980
2023,1945,0.25,1992
2024,1945,0.25,1995
2025,1945,0.31,1998
2026,1945,0.27,2001
2027,1946,0.05,1992
2028,1946,0.09,1995
2029,1946,0.12,1998
2030,1946,0.12,2001
2031,1947,0.1,1992
2032,1947,0.14,1995
2033,1947,0.18,1998
2034,1947,0.18,2001
2035,1948,0.14,1992
2036,1948,0.24,1995
2037,1948,0.28,1998
2038,1948,0.23,2001
2039,1951,10,1987
2040,1951,14,1988
2041,1951,12,1989
2042,1951,33,1990
2043,1951,29,1991
2044,1951,41,1992
2045,1951,55,1993
2046,1951,48,1994
2047,1951,66,1995
2048,1951,70,1996
2049,1951,56,1997
2050,1951,49,1998
2051,1951,74,1999
2052,1951,97,2000
2053,1951,123,2001
2054,1951,183,2002
2055,1951,182,2003
2056,1951,152,2004
2057,1951,256,2005
2058,1951,316,2006
2059,1951,422,2007
2060,1951,497,2008
2061,1951,524,2009
2062,1951,566,2010
2063,1951,653,2011
2064,1951,625,2012
2065,1952,21,1995
2066,1952,40,1996
2067,1952,86,1997
2068,1952,112,1998
2069,1952,107,1999
2070,1952,153,2000
2071,1952,189,2001
2072,1952,217,2002
2073,1952,234,2003
2074,1952,272,2004
2075,1952,252,2005
2076,1952,311,2006
2077,1952,359,2007
2078,1952,302,2008
2079,1952,320,2009
2080,1952,343,2010
2081,1952,328,2011
2082,1952,277,2012
2083,1953,14,1995
2084,1953,42,1996
2085,1953,71,1997
2086,1953,114,1998
2087,1953,156,1999
2088,1953,187,2000
2089,1953,251,2001
2090,1953,263,2002
2091,1953,345,2003
2092,1953,422,2004
2093,1953,512,2005
2094,1953,673,2006
2095,1953,732,2007
2096,1953,856,2008
2097,1953,870,2009
2098,1953,777,2010
2099,1953,769,2011
2100,1953,683,2012
2101,1954,169.8,1993
2102,1954,111.1,1996
2103,1954,140.6,1999
2104,1954,280.6,2002
2105,1954,202.5,2005
2106,1954,189.6,2008
2107,1955,387.9,1993
2108,1955,310.9,1996
2109,1955,351.3,1999
2110,1955,389.6,2002
2111,1955,337.1,2005
2112,1955,164.3,2008
2113,1963,1000,1998
2114,1963,261,2015
2115,1964,9.25,2005
2116,1964,8.5,2006
2117,1964,7.25,2007
2118,1964,8.1,2008
2119,1964,7,2009
2120,1964,6.55,2010
2121,1964,6.3,2011
2122,1964,6.65,2012
2123,1964,7.75,2013
2124,1966,2.2,1989
2125,1966,2.4,1990
2126,1966,1.8,1991
2127,1966,1.4,1992
2128,1966,2,1993
2129,1966,2.1,1995
2130,1966,2.2,1996
2131,1966,2.5,1997
2132,1967,1.5,1983
2133,1967,2.1,1984
2134,1967,2.1,1985
2135,1967,1.5,1986
2136,1967,2.7,1987
2137,1967,1.6,1988
2138,1967,1.2,1989
2139,1967,1.8,1990
2140,1967,2,1991
2141,1967,1,1992
2142,1967,1.3,1993
2143,1967,1.25,1994
2144,1967,0.8,1995
2145,1967,0.9,1996
2146,1967,1.3,1997
2147,1968,1.25,1983
2148,1968,1.4,1984
2149,1968,1.25,1985
2150,1968,1,1986
2151,1968,1,1987
2152,1968,1.2,1988
2153,1968,1.1,1989
2154,1968,1.15,1990
2155,1968,1.3,1991
2156,1968,1.25,1992
2157,1968,1,1993
2158,1968,1.25,1995
2159,1968,1.2,1996
2160,1968,1.15,1997
2161,1969,1,1985
2162,1969,0.9,1987
2163,1969,0.8,1988
2164,1969,0.2,1989
2165,1969,0.6,1990
2166,1969,0.7,1991
2167,1969,0.55,1992
2168,1969,0.9,1993
2169,1969,0.7,1994
2170,1969,0.6,1995
2171,1969,0.9,1996
2172,1969,0.6,1997
2173,1970,0.95,1983
2174,1970,1.4,1984
2175,1970,0.8,1985
2176,1970,0.95,1986
2177,1970,0.4,1989
2178,1970,0.9,1990
2179,1970,0.8,1991
2180,1970,0.3,1992
2181,1970,0.5,1993
2182,1970,0.45,1994
2183,1970,0.7,1995
2184,1970,0.8,1996
2185,1970,0.45,1997
2186,1971,0.65,1983
2187,1971,0.8,1984
2188,1971,1.2,1985
2189,1971,0.8,1986
2190,1971,0.9,1987
2191,1971,1.6,1989
2192,1971,0.8,1990
2193,1971,1,1991
2194,1971,0.7,1992
2195,1971,0.9,1993
2196,1971,0.8,1994
2197,1971,0.45,1995
2198,1971,0.5,1996
2199,1971,1,1997
2200,1972,0.95,1985
2201,1972,0.9,1986
2202,1972,0.9,1987
2203,1972,1.1,1988
2204,1972,0.7,1989
2205,1972,1.1,1990
2206,1972,0.6,1991
2207,1972,0.75,1992
2208,1972,0.6,1993
2209,1972,0.65,1994
2210,1972,0.7,1995
2211,1972,0.6,1996
2212,1972,1,1997
2213,1973,0.8,1990
2214,1973,0.5,1991
2215,1973,0.9,1992
2216,1973,0.95,1993
2217,1973,0.85,1994
2218,1973,1.2,1995
2219,1973,0.8,1996
2220,1973,0.75,1997
2221,1974,0.6,1983
2222,1974,0.95,1984
2223,1974,0.75,1985
2224,1974,1.1,1987
2225,1974,1.1,1988
2226,1974,1.1,1989
2227,1974,1.2,1990
2228,1974,1.3,1991
2229,1974,0.6,1992
2230,1974,1.25,1993
2231,1975,6,1975
2232,1975,11.5,2007
2233,1976,30,1987
2234,1976,37,1988
2235,1976,28,1989
2236,1976,36,1990
2237,1976,44,1991
2238,1976,34,1992
2239,1976,37,1993
2240,1976,44,1994
2241,1976,44,1995
2242,1976,47,1996
2243,1978,44,1996
2244,1978,26,1997
2245,1978,35,1998
2246,1978,34,1999
2247,1978,35,2000
2248,1978,35,2001
2249,1981,0.8,2002
2250,1981,0.95,2003
2251,1981,1,2004
2252,1981,1,2005
2253,1981,1.05,2006
2254,1981,1.25,2007
2255,1982,1.9,2003
2256,1982,1.85,2004
2257,1982,2.25,2005
2258,1982,2.35,2006
2259,1982,2.65,2007
2260,1983,0.95,2003
2261,1983,0.95,2004
2262,1983,0.85,2005
2263,1983,1.05,2006
2264,1983,0.8,2007
2265,1984,0.8,2006
2266,1984,0.9,2007
2267,1984,0.65,2008
2268,1984,0.7,2009
2269,1984,0.5,2010
2270,1984,0.3,2011
2271,1984,0.25,2012
2272,1985,0.65,2006
2273,1985,0.45,2007
2274,1985,0.4,2008
2275,1985,0.4,2009
2276,1985,0.45,2010
2277,1985,0.5,2011
2278,1985,0.5,2012
2279,1987,0,1893
2280,1987,0,1894
2281,1987,0,1895
2282,1987,0,1896
2283,1987,3,1897
2284,1987,3,1898
2285,1987,1,1899
2286,1987,5,1900
2287,1987,0,1901
2288,1987,1,1902
2289,1987,9,1903
2290,1987,1,1904
2291,1987,0,1905
2292,1987,2,1906
2293,1987,3,1907
2294,1987,8,1908
2295,1987,5,1909
2296,1987,23,1910
2297,1987,22,1911
2298,1987,7,1912
2299,1987,7,1913
2300,1987,2,1914
2301,1987,4,1915
2302,1987,1,1916
2303,1987,0,1917
2304,1987,0,1918
2305,1987,0,1919
2306,1987,0,1920
2307,1987,0,1921
2308,1987,0,1922
2309,1987,0,1923
2310,1987,0,1924
2311,1987,0,1925
2312,1987,0,1926
2313,1987,0,1927
2314,1987,0,1928
2315,1987,0,1929
2316,1987,0,1930
2317,1987,0,1931
2318,1987,0,1932
2319,1987,0,1933
2320,1987,0,1934
2321,1987,0,1935
2322,1987,0,1936
2323,1987,0,1937
2324,1987,0,1938
2325,1987,0,1939
2326,1987,0,1940
2327,1987,0,1941
2328,1987,0,1942
2329,1987,0,1943
2330,1987,0,1944
2331,1987,0,1945
2332,1987,0,1946
2333,1987,0,1947
2334,1987,0,1948
2335,1987,0,1949
2336,1987,0,1950
2337,1987,0,1951
2338,1987,0,1952
2339,1987,0,1953
2340,1987,0,1954
2341,1987,0,1955
2342,1988,1,1893
2356,1988,0,1894
2370,1988,1,1895
2369,1988,0,1896
2368,1988,0,1897
2367,1988,0,1898
2366,1988,0,1899
2365,1988,2,1900
2364,1988,1,1901
2363,1988,0,1902
2362,1988,1,1903
2361,1988,5,1904
2360,1988,3,1905
2359,1988,3,1906
2372,1988,4,1907
2350,1988,3,1908
2343,1988,1,1909
2344,1988,2,1910
2345,1988,0,1911
2346,1988,2,1912
2347,1988,2,1913
2358,1988,0,1914
2349,1988,4,1915
2357,1988,1,1916
2351,1988,3,1917
2352,1988,3,1918
2353,1988,3,1919
2354,1988,2,1920
2355,1988,4,1921
2373,1988,2,1922
2348,1988,1,1923
2387,1988,1,1924
2402,1988,4,1925
2401,1988,0,1926
2400,1988,0,1927
2399,1988,4,1928
2398,1988,5,1929
2397,1988,2,1930
2396,1988,2,1931
2395,1988,5,1932
2394,1988,1,1933
2393,1988,0,1934
2392,1988,0,1935
2391,1988,0,1936
2390,1988,5,1937
2371,1988,8,1938
2381,1988,5,1939
2374,1988,6,1940
2375,1988,8,1941
2376,1988,4,1942
2377,1988,4,1943
2378,1988,4,1944
2389,1988,6,1945
2380,1988,5,1946
2388,1988,3,1947
2382,1988,6,1948
2383,1988,6,1949
2384,1988,7,1950
2385,1988,0,1951
2386,1988,2,1952
2403,1988,6,1953
2379,1988,7,1954
2404,1988,2,1955
2405,1989,91,1977
2406,1989,62,1978
2407,1989,75,1979
2408,1989,84,1980
2409,1989,80,1981
2410,1989,60,1982
2411,1989,50,1983
2412,1989,50,1984
2413,1989,40,1985
2414,1989,33,1986
2415,1990,45,1977
2416,1990,90,1978
2417,1990,145,1979
2418,1990,130,1980
2419,1990,155,1981
2420,1990,250,1982
2421,1990,225,1983
2422,1990,275,1984
2423,1990,260,1985
2424,1990,232,1986
2425,1991,410,1996
2426,1991,486,1997
2427,1991,403,1998
2428,1991,448,1999
2429,1991,366,2000
2430,1991,327,2001
2431,1991,332,2002
2432,1991,272,2003
2433,1991,259,2004
2434,1991,329,2005
2435,1991,385,2006
2436,1991,439,2007
2437,1991,452,2008
2438,1992,4,1996
2439,1992,0,1997
2440,1992,2,1998
2441,1992,1,1999
2442,1992,0,2000
2443,1992,0,2001
2444,1992,0,2002
2445,1992,0,2003
2446,1992,0,2004
2447,1992,0,2005
2448,1992,1,2006
2449,1992,1,2007
2450,1992,0,2008
2451,1993,14,1996
2452,1993,20,1997
2453,1993,13,1998
2454,1993,20,1999
2455,1993,12,2000
2456,1993,13,2001
2457,1993,9,2002
2458,1993,4,2003
2459,1993,7,2004
2460,1993,11,2005
2461,1993,12,2006
2462,1993,12,2007
2463,1993,13,2008
2464,1994,1,1996
2465,1994,3,1997
2466,1994,2,1998
2467,1994,3,1999
2468,1994,5,2000
2469,1994,5,2001
2470,1994,7,2002
2471,1994,4,2003
2472,1994,3,2004
2473,1994,6,2005
2474,1994,5,2006
2475,1994,6,2007
2476,1994,5,2008
2477,1995,2,1996
2478,1995,3,1997
2479,1995,7,1998
2480,1995,6,1999
2481,1995,1,2000
2482,1995,5,2001
2483,1995,5,2002
2484,1995,5,2003
2485,1995,6,2004
2486,1995,7,2005
2487,1995,5,2006
2488,1995,6,2007
2489,1995,5,2008
2490,1996,9,1996
2491,1996,7,1997
2492,1996,11,1998
2493,1996,11,1999
2494,1996,5,2000
2495,1996,8,2001
2496,1996,7,2002
2497,1996,6,2003
2498,1996,7,2004
2499,1996,6,2005
2500,1996,9,2006
2501,1996,10,2007
2502,1996,9,2008
2503,1997,20,1996
2504,1997,25,1997
2505,1997,13,1998
2506,1997,13,1999
2507,1997,14,2000
2508,1997,9,2001
2509,1997,11,2002
2510,1997,11,2003
2511,1997,13,2004
2512,1997,13,2005
2513,1997,16,2006
2514,1997,14,2007
2515,1997,22,2008
2516,1998,12,1996
2517,1998,14,1997
2518,1998,10,1998
2519,1998,15,1999
2520,1998,14,2000
2521,1998,5,2001
2522,1998,5,2002
2523,1998,4,2003
2524,1998,2,2004
2525,1998,3,2005
2526,1998,5,2006
2527,1998,6,2007
2528,1998,7,2008
2529,1999,5,1996
2530,1999,7,1997
2531,1999,7,1998
2532,1999,5,1999
2533,1999,6,2000
2534,1999,6,2001
2535,1999,7,2002
2536,1999,9,2003
2537,1999,2,2004
2538,1999,3,2005
2539,1999,5,2006
2540,1999,12,2007
2541,1999,9,2008
2542,2001,0.15,1997
2543,2001,0.23,2004
2544,2005,1000,1990
2545,2005,160,2014
2546,2007,51,2000
2547,2007,45,2012
2548,2008,154,2000
2549,2008,140,2012
2550,2009,54,2000
2551,2009,52,2012
2552,2010,67,2000
2553,2010,61,2012
2554,2011,71,2000
2555,2011,53,2012
2556,2012,145,2000
2557,2012,122,2012
2558,2013,46,2000
2559,2013,41,2012
2560,2014,36,2000
2561,2014,22,2012
2562,2015,23,2000
2563,2015,14,2012
2564,2016,42,2000
2565,2016,26,2012
2566,2017,13,2000
2567,2017,6,2012
2568,2018,5,2000
2569,2018,3,2012
2570,2019,17,2000
2571,2019,16,2012
2572,2020,9,2000
2573,2020,8,2012
2574,2021,10,2000
2575,2021,10,2012
2576,2024,27,1987
2577,2024,44,1988
2578,2024,44,1989
2579,2024,37,1990
2580,2024,49,1991
2581,2024,12,1992
2582,2025,15,1996
2583,2025,21,1997
2584,2025,24,1998
2585,2025,33,1999
2586,2025,50,2000
2587,2026,22,1985
2588,2026,23,1986
2589,2026,15,1987
2590,2026,20,1988
2591,2026,18,1989
2592,2026,11,1990
2593,2027,11,1990
2594,2027,13,1991
2595,2027,19,1992
2596,2027,14,1994
2597,2027,13,1995
2598,2027,16,1996
2599,2027,13,1997
2600,2027,14,1998
2601,2027,19,1999
2602,2027,22,2000
2603,2028,0.9,1985
2604,2028,0.5,1986
2605,2028,0.9,1987
2606,2028,1.05,1988
2607,2028,0.9,1989
2608,2028,0.4,1990
2609,2028,0.35,1991
2610,2028,1.3,1992
2611,2028,0,1994
2612,2028,0.9,1995
2613,2028,0,1996
2614,2028,0.2,1997
2615,2028,1.1,1998
2616,2028,0.7,1999
2617,2028,1.4,2000
2618,2029,0,1985
2619,2029,0,1986
2620,2029,0.15,1987
2621,2029,0.2,1988
2622,2029,0.15,1989
2623,2029,0.2,1990
2624,2029,0.2,1991
2625,2029,0,1992
2626,2029,0,1994
2627,2029,0,1995
2628,2029,0,1996
2629,2029,0,1997
2630,2029,0.2,1998
2631,2029,0,1999
2632,2029,0,2000
2633,2031,1.5,1924
2634,2031,0.3,1925
2635,2031,0.35,1926
2636,2031,-0.8,1930
2637,2031,-2.2,1931
2638,2031,-1.3,1936
2639,2031,-1.7,1937
2640,2032,2,1926
2641,2032,1.4,1927
2642,2032,0.2,1928
2643,2032,-1.5,1932
2644,2032,-1.4,1933
2645,2032,-1.1,1935
2646,2033,0.9,1929
2647,2033,2.4,1930
2648,2033,0.3,1931
2649,2033,0.4,1932
2650,2033,-0.3,1933
2651,2033,0.3,1934
2652,2033,-0.2,1936
2653,2033,-0.2,1937
2654,2034,25,1999
2655,2034,76,2008
2656,2035,19,2000
2657,2035,27,2001
2658,2035,28,2002
2659,2035,17,2003
2660,2035,36,2004
2661,2035,39,2005
2662,2035,33,2006
2663,2035,32,2007
2664,2035,25,2008
2665,2035,31,2009
2666,2036,0.37,1999
2667,2036,0.55,1999.5
2668,2036,0.44,2000
2669,2036,0.19,2000.5
2670,2036,0.09,2001
2671,2036,0.18,2001.5
2672,2036,0.14,2002
2673,2036,0.18,2002.5
2674,2036,0.13,2003
2675,2036,0.18,2003.5
2676,2036,0.22,2004
2677,2040,54,1979
2678,2040,48,1980
2679,2040,47,1981
2680,2040,50,1982
2681,2040,35,1983
2682,2040,54,1984
2683,2040,46,1985
2684,2040,39,1986
2685,2040,42,1987
2686,2040,59,1988
2687,2040,51,1989
2688,2040,51,1990
2689,2041,6.8,1997
2690,2041,2,1998
2691,2041,2,2000
2692,2041,0,2001
2693,2041,0,2002
2694,2041,3,2003
2695,2041,7,2004
2696,2042,47,1982
2697,2042,50,1983
2698,2042,35,1984
2699,2042,54,1985
2700,2042,47,1986
2701,2042,48,1987
2702,2042,59,1988
2703,2042,79,1989
2704,2042,51,1990
2705,2042,56,1991
2706,2042,53,1992
2707,2042,55,1993
2708,2042,55,1994
2709,2042,55,1995
2710,2042,69,1996
2711,2042,56,1997
2712,2042,55,1998
2713,2042,50,1999
2714,2042,44,2000
2715,2042,52,2001
2716,2042,53,2002
2717,2042,58,2003
2718,2042,62,2004
2719,2042,74,2005
2720,2042,81,2006
2721,2042,81,2007
2722,2042,84,2008
2723,2042,97,2009
2724,2042,91,2010
2725,2042,74,2011
2726,2042,62,2012
2727,2042,44,2013
2728,2042,52,2014
2729,2042,39,2015
2730,2042,30,2016
2731,2043,17,1991
2732,2043,21,1992
2733,2043,30,1993
2734,2043,57,1994
2735,2043,80,1995
2736,2043,116,1996
2737,2043,112,1997
2738,2043,140,1998
2739,2043,174,1999
2740,2043,216,2000
2741,2044,18,1990
2742,2044,29,1990.5
2743,2044,13,1991
2744,2044,27,1991.5
2745,2044,8,1992
2746,2044,6,1992.5
2747,2044,7,1993
2748,2044,3,1993.5
2749,2044,4,1994
2750,2045,13,1990
2751,2045,14,1990.5
2752,2045,11,1991
2753,2045,24,1991.5
2754,2045,17,1992
2755,2045,26,1992.5
2756,2045,16,1993
2757,2046,13,1990
2758,2046,21,1990.5
2759,2046,14,1991
2760,2046,25,1991.5
2761,2046,8,1992
2762,2046,27,1992.5
2763,2046,23,1993
2764,2046,38,1993.5
2765,2046,30,1994
2766,2047,16,1990
2767,2047,12,1990.5
2768,2047,9,1991
2769,2047,15,1991.5
2770,2047,13,1992
2771,2047,25,1992.5
2772,2047,22,1993
2773,2047,45,1993.5
2774,2047,42,1994
2775,2048,7,1990
2776,2048,7,1990.5
2777,2048,6,1991
2778,2048,6,1991.5
2779,2048,5,1992
2780,2048,13,1992.5
2781,2048,13,1993
2782,2049,13,1990
2783,2049,8,1990.5
2784,2049,14,1991
2785,2049,10,1991.5
2786,2049,4,1992
2787,2049,6,1992.5
2788,2049,15,1993
2789,2049,12,1993.5
2790,2050,21,1990
2791,2050,8,1990.5
2792,2050,13,1991
2793,2050,10,1991.5
2794,2050,19,1992
2795,2050,15,1992.5
2796,2050,19,1993
2797,2050,14,1993.5
2798,2051,5,1990
2799,2051,5,1990.5
2800,2052,5,1991
2801,2052,13,1991.5
2802,2052,10,1992
2803,2052,19,1992.5
2804,2052,11,1993
2805,2052,11,1993.5
2806,2052,6,1994
2807,2053,8,1992
2808,2053,7,1992.5
2809,2053,6,1993
2810,2053,4,1993.5
2811,2055,3,1992
2812,2055,1,1992.5
2813,2055,2,1993
2822,2056,67,1990
2814,2056,122,1990.5
2815,2056,79,1991
2816,2056,124,1991.5
2817,2056,81,1992
2818,2056,150,1992.5
2819,2056,124,1993
2820,2056,139,1993.5
2821,2056,112,1994
2823,2057,8.9,1989
2824,2057,10.4,1993
2825,2058,6,1995
2826,2058,24,1996
2827,2058,59,1997
2828,2058,112,1998
2829,2058,140,1999
2830,2058,127,2000
2831,2058,137,2001
2832,2058,130,2002
2833,2058,168,2003
2834,2058,240,2004
2835,2058,360,2005
2836,2059,3,1979
2837,2059,2,1980
2838,2059,3,1981
2839,2059,9,1982
2840,2059,7,1983
2841,2059,7,1984
2842,2059,14,1985
2843,2059,20,1986
2844,2059,12,1987
2845,2059,15,1988
2846,2059,13,1989
2847,2059,27,1990
2848,2059,24,1991
2849,2059,30,1992
2850,2059,49,1993
2851,2059,48,1994
2852,2059,70,1995
2853,2059,69,1996
2854,2059,58,1997
2855,2059,47,1998
2856,2059,58,1999
2857,2059,58,2000
2858,2059,77,2001
2859,2059,112,2002
2860,2059,87,2003
2861,2059,55,2004
2862,2059,117,2005
2863,2060,4,2000
2864,2060,10,2001
2865,2060,20,2002
2866,2060,25,2003
2867,2060,30,2004
2868,2060,66,2005
2869,2061,10,1999
2870,2061,23,2000
2871,2061,25,2001
2872,2061,54,2002
2873,2061,72,2003
2874,2061,68,2004
2875,2061,70,2005
2876,2062,2,1996
2877,2062,7,1997
2878,2062,7,1998
2879,2062,22,1999
2880,2062,31,2000
2881,2062,52,2001
2882,2062,74,2002
2883,2062,87,2003
2884,2062,90,2004
2885,2062,125,2005
2886,2064,23,1995
2887,2064,44,1996
2888,2064,78,1997
2889,2064,101,1998
2890,2064,90,1999
2891,2064,126,2000
2892,2064,130,2001
2893,2064,140,2002
2894,2064,148,2003
2895,2064,152,2004
2896,2064,116,2005
2897,2070,8.02,2011
2898,2070,8.66,2012.08
2899,2070,7.88,2012.58
2900,2070,9.04,2013.28
2901,2070,5.53,2013.58
2902,2071,2.41,2011
2903,2071,7.53,2012.08
2904,2071,4.68,2012.58
2905,2071,8.53,2013.28
2906,2071,3.77,2013.58
2907,2074,16,1990
2908,2074,29,1991
2909,2074,25,1992
2910,2074,47,1993
2911,2074,78,1994
2912,2074,73,1995
2913,2074,68,1996
2914,2074,83,1997
2915,2074,95,1998
2916,2074,129,1999
2917,2074,130,2000
2918,2074,132,2001
2919,2074,125,2002
2920,2074,121,2003
2921,2074,125,2004
2922,2074,119,2005
2923,2074,118,2006
2924,2074,118,2010
2925,2074,118,2011
2926,2074,107,2012
2927,2074,97,2013
2928,2078,400,1997
2929,2078,185,1999
2930,2078,200,2004
2931,2078,144,2009
2932,2079,324,2000
2933,2079,350,2004
2934,2079,263,2005
2935,2079,132,2010
2936,2080,47,2000
2937,2080,25,2004
2938,2080,132,2010
2939,2081,7,1994
2940,2081,2,2002
2941,2083,52,1966
2942,2083,82,1967
2943,2083,66,1968
2944,2083,82,1969
2945,2083,78,1970
2946,2083,77,1971
2947,2083,74,1972
2948,2083,54,1973
2949,2083,99,1974
2950,2083,95,1975
2951,2083,106,1976
2952,2083,91,1977
2953,2083,101,1978
2954,2083,91,1979
2955,2083,96,1980
2956,2083,95,1981
2957,2083,99,1982
2958,2083,92,1983
2959,2083,127,1984
2960,2083,119,1985
2961,2083,136,1986
2962,2083,132,1987
2963,2083,131,1988
2964,2083,104,1989
2965,2083,140,1990
2966,2083,133,1991
2967,2083,103,1992
2968,2083,81,1993
2969,2083,74,1994
2970,2083,96,1995
2971,2083,94,1996
2972,2083,75,1997
2973,2083,93,1998
2974,2083,121,1999
2975,2083,109,2000
2976,2083,128,2001
2977,2084,39,1966
2978,2084,40,1967
2979,2084,51,1968
2980,2084,99,1974
2981,2084,108,1975
2982,2084,102,1976
2983,2084,80,1977
2984,2084,72,1978
2985,2084,96,1979
2986,2084,85,1980
2987,2084,104,1981
2988,2084,115,1982
2989,2084,122,1983
2990,2084,113,1984
2991,2084,109,1985
2992,2084,110,1986
2993,2084,95,1987
2994,2084,85,1988
2995,2084,82,1989
2996,2084,94,1990
2997,2084,95,1991
2998,2084,127,1992
2999,2084,79,1993
3000,2084,92,1994
3001,2084,99,1995
3002,2084,139,1996
3003,2084,147,1997
3004,2084,180,1998
3005,2084,170,1999
3006,2084,156,2000
3007,2084,174,2001
3008,2085,1.9,1997
3009,2085,2.4,1998
3010,2085,2.5,1999
3011,2085,3.7,2000
3012,2085,2.5,2001
3013,2085,1.3,2002
3014,2086,1.9,1997
3015,2086,1.9,1998
3016,2086,2.1,1999
3017,2086,1.3,2000
3018,2086,1.2,2001
3019,2086,1.6,2002
3020,2087,0.93,1997
3021,2087,1.08,1998
3022,2087,1.1,1999
3023,2087,1.11,2000
3024,2087,0.83,2001
3025,2087,0.8,2002
3026,2087,0.73,2003
3027,2087,0.71,2004
3028,2087,0.77,2005
3029,2087,0.72,2006
3030,2092,16,1988
3031,2092,13,1989
3032,2092,13,1990
3033,2092,9,1991
3039,2092,15,1992
3034,2092,15,1993
3035,2092,9,1994
3036,2092,0,1995
3037,2092,0,1996
3038,2092,7,1997
3040,2093,2.6,2002
3041,2093,3,2002.25
3042,2093,2.4,2002.5
3043,2093,2.3,2002.75
3044,2093,0.4,2003
3045,2093,0.3,2003.25
3046,2094,20,1959
3047,2094,23,1960
3048,2094,23,1961
3049,2094,23,1962
3050,2094,19,1963
3051,2094,26,1964
3052,2094,28,1965
3053,2094,26,1966
3054,2094,22,1967
3055,2094,23,1968
3056,2094,16,1969
3057,2094,17,1970
3058,2094,20,1971
3059,2094,22,1972
3060,2094,23,1973
3061,2094,31,1974
3062,2094,41,1975
3063,2094,44,1976
3064,2094,34,1977
3065,2094,40,1978
3066,2094,43,1979
3067,2094,50,1980
3068,2094,29,1981
3069,2094,13,1982
3070,2094,23,1983
3071,2094,24,1984
3072,2094,21,1985
3073,2094,18,1986
3074,2094,15,1987
3075,2094,11,1988
3076,2094,11,1989
3077,2094,14,1990
3078,2094,11,1991
3079,2094,11,1992
3080,2094,13,1993
3081,2094,17,1994
3082,2094,17,1995
3083,2094,24,1996
3084,2094,25,1997
3085,2095,6.4,1993
3086,2095,6,1994
3087,2095,5.5,1995
3088,2095,4.4,1996
3089,2095,3,1997
3090,2095,2.4,1998
3091,2095,0.7,1999
3092,2096,2,1982
3093,2096,6,1983
3094,2096,8,1984
3095,2096,10,1985
3096,2096,15.5,1986
3097,2096,12.5,1987
3098,2096,16.5,1988
3099,2096,19,1989
3100,2096,23,1990
3101,2096,28.5,1991
3102,2096,21,1992
3103,2097,233,2005
3104,2097,242,2006
3105,2097,241,2007
3106,2097,253,2008
3107,2097,250,2009
3108,2097,262,2010
3109,2097,270,2011
3110,2097,289,2012
3111,2098,107,2005
3112,2098,104,2006
3113,2098,114,2007
3114,2098,112,2008
3115,2098,125,2009
3116,2098,129,2010
3117,2098,136,2011
3118,2098,121,2012
3119,2099,155,2005
3120,2099,181,2006
3121,2099,200,2007
3122,2099,202,2008
3123,2099,212,2009
3124,2099,195,2010
3125,2099,212,2011
3126,2099,193,2012
3127,2100,93,2005
3128,2100,104,2006
3129,2100,125,2007
3130,2100,122,2008
3131,2100,113,2009
3132,2100,132,2010
3133,2100,136,2011
3134,2100,150,2012
3135,2101,110,2005
3136,2101,80,2006
3137,2101,67,2007
3138,2101,95,2008
3139,2101,86,2009
3140,2101,89,2010
3141,2101,85,2011
3142,2101,139,2012
3143,2102,135,2005
3144,2102,152,2006
3145,2102,149,2007
3146,2102,148,2008
3147,2102,170,2009
3148,2102,166,2010
3149,2102,172,2011
3150,2102,227,2012
3151,2103,192,2005
3152,2103,261,2006
3153,2103,295,2007
3154,2103,338,2008
3155,2103,341,2009
3156,2103,357,2010
3157,2103,379,2011
3158,2103,412,2012
3159,2104,65,2005
3160,2104,64,2006
3161,2104,103,2007
3162,2104,103,2008
3163,2104,103,2009
3164,2104,93,2010
3165,2104,118,2011
3166,2104,129,2012
3167,2105,250,2005
3168,2105,320,2006
3169,2105,335,2007
3170,2105,339,2008
3171,2105,320,2009
3172,2105,281,2010
3173,2105,271,2011
3174,2105,253,2012
3175,2106,228,2005
3176,2106,255,2006
3177,2106,130,2007
3178,2106,174,2008
3179,2106,156,2009
3180,2106,301,2010
3181,2106,316,2011
3182,2106,317,2012
3183,2107,16,2005
3184,2107,8,2006
3185,2107,14,2007
3186,2107,13,2008
3187,2107,12,2009
3188,2107,11,2010
3189,2107,3,2011
3190,2107,0,2012
3191,2108,177,2005
3192,2108,197,2006
3193,2108,234,2007
3194,2108,196,2008
3195,2108,198,2009
3196,2108,186,2010
3197,2108,232,2011
3198,2108,238,2012
3199,2109,35,2005
3200,2109,40,2006
3201,2109,37,2007
3202,2109,46,2008
3203,2109,50,2009
3204,2109,46,2010
3205,2109,50,2011
3206,2109,52,2012
3207,2110,64,2005
3208,2110,63,2006
3209,2110,81,2007
3210,2110,94,2008
3211,2110,95,2009
3212,2110,97,2010
3213,2110,94,2011
3214,2110,135,2012
3215,2111,305,2005
3216,2111,324,2006
3222,2111,330,2007
3217,2111,374,2008
3218,2111,397,2009
3219,2111,379,2010
3220,2111,405,2011
3221,2111,507,2012
3223,2112,284,2005
3224,2112,298,2006
3225,2112,292,2007
3226,2112,304,2008
3227,2112,325,2009
3228,2112,320,2010
3229,2112,344,2011
3230,2112,486,2012
3231,2113,13,2005
3232,2113,6,2006
3233,2113,2,2007
3234,2113,2,2008
3235,2113,2,2009
3236,2113,2,2010
3237,2113,2,2011
3238,2113,2,2012
3239,2114,127,2005
3240,2114,134,2006
3241,2114,132,2007
3242,2114,129,2008
3243,2114,146,2009
3244,2114,115,2010
3245,2114,172,2011
3246,2114,183,2012
3247,2115,38,2005
3248,2115,32,2006
3249,2115,27,2007
3250,2115,29,2008
3251,2115,27,2009
3252,2115,23,2010
3253,2115,21,2011
3254,2115,28,2012
3255,2116,171,2005
3256,2116,194,2006
3257,2116,209,2007
3258,2116,212,2008
3259,2116,211,2009
3260,2116,182,2010
3261,2116,152,2011
3262,2116,139,2012
3263,2117,126,2005
3264,2117,131,2006
3265,2117,141,2007
3266,2117,146,2008
3267,2117,150,2009
3268,2117,180,2010
3269,2117,229,2011
3270,2117,221,2012
3271,2118,81,2005
3272,2118,93,2006
3273,2118,75,2007
3274,2118,68,2008
3275,2118,81,2009
3276,2118,78,2010
3277,2118,70,2011
3278,2118,98,2012
3279,2119,69,2005
3280,2119,95,2006
3281,2119,70,2007
3282,2119,80,2008
3283,2119,61,2009
3284,2119,84,2010
3285,2119,83,2011
3286,2119,81,2012
3287,2120,15,2005
3288,2120,24,2006
3289,2120,22,2007
3290,2120,24,2008
3291,2120,20,2009
3292,2120,27,2010
3293,2120,27,2011
3294,2120,39,2012
3295,2121,398,2005
3296,2121,376,2006
3297,2121,348,2007
3298,2121,328,2008
3299,2121,305,2009
3300,2121,283,2010
3301,2121,308,2011
3302,2121,339,2012
3303,2122,183,2005
3304,2122,226,2006
3305,2122,248,2007
3306,2122,242,2008
3307,2122,235,2009
3308,2122,288,2010
3309,2122,280,2011
3310,2122,319,2012
3311,2123,65,2005
3312,2123,73,2006
3313,2123,74,2007
3314,2123,23,2008
3315,2123,89,2009
3316,2123,123,2010
3317,2123,105,2011
3318,2123,93,2012
3319,2124,142,2005
3320,2124,142,2006
3321,2124,158,2007
3322,2124,161,2008
3323,2124,182,2009
3324,2124,205,2010
3325,2124,226,2011
3326,2124,217,2012
3327,2125,118,2005
3328,2125,131,2006
3329,2125,162,2007
3330,2125,155,2008
3331,2125,161,2009
3332,2125,63,2010
3333,2125,145,2011
3334,2125,175,2012
3335,2126,124,2005
3336,2126,125,2006
3337,2126,132,2007
3338,2126,144,2008
3339,2126,159,2009
3340,2126,166,2010
3341,2126,165,2011
3342,2126,200,2012
3343,2127,11,2005
3344,2127,13,2006
3345,2127,13,2007
3346,2127,14,2008
3347,2127,14,2009
3348,2127,15,2010
3349,2127,15,2011
3350,2127,16,2012
3351,2128,504,2005
3352,2128,589,2006
3353,2128,598,2007
3354,2128,584,2008
3355,2128,566,2009
3356,2128,575,2010
3357,2128,539,2011
3358,2128,661,2012
3359,2129,171,2005
3360,2129,181,2006
3361,2129,196,2007
3362,2129,199,2008
3363,2129,205,2009
3364,2129,227,2010
3365,2129,250,2011
3366,2129,262,2012
3367,2130,22,2005
3368,2130,21,2006
3369,2130,25,2007
3370,2130,26,2008
3371,2130,28,2009
3372,2130,29,2010
3373,2130,22,2011
3374,2130,31,2012
3375,2131,290,2005
3376,2131,295,2006
3377,2131,315,2007
3378,2131,321,2008
3379,2131,304,2009
3380,2131,321,2010
3381,2131,384,2011
3382,2131,448,2012
3383,2132,619,2005
3384,2132,703,2006
3385,2132,737,2007
3386,2132,805,2008
3387,2132,798,2009
3388,2132,864,2010
3389,2132,914,2011
3390,2132,941,2012
3391,2133,318,2005
3392,2133,357,2006
3393,2133,312,2007
3394,2133,304,2008
3395,2133,330,2009
3396,2133,327,2010
3397,2133,366,2011
3398,2133,387,2012
3399,2134,95,2005
3400,2134,98,2006
3401,2134,86,2007
3402,2134,89,2008
3403,2134,96,2009
3404,2134,102,2010
3405,2134,97,2011
3406,2134,108,2012
3407,2135,140,2005
3408,2135,150,2006
3409,2135,73,2007
3410,2135,83,2008
3411,2135,77,2009
3412,2135,101,2010
3413,2135,92,2011
3414,2135,97,2012
3415,2136,731,2005
3416,2136,845,2006
3417,2136,931,2007
3418,2136,931,2008
3419,2136,971,2009
3420,2136,978,2010
3421,2136,1045,2011
3422,2136,1067,2012
3423,2137,30,2005
3424,2137,43,2006
3425,2137,42,2007
3426,2137,51,2008
3427,2137,49,2009
3428,2137,56,2010
3429,2137,81,2011
3430,2137,102,2012
3431,2138,154,2005
3432,2138,168,2006
3433,2138,164,2007
3434,2138,179,2008
3435,2138,164,2009
3436,2138,184,2010
3437,2138,187,2011
3438,2138,214,2012
3439,2139,849,2005
3440,2139,907,2006
3441,2139,1023,2007
3442,2139,1099,2008
3443,2139,1135,2009
3444,2139,1161,2010
3445,2139,1256,2011
3446,2139,1289,2012
3447,2140,315,2005
3448,2140,303,2006
3449,2140,318,2007
3450,2140,329,2008
3451,2140,311,2009
3452,2140,315,2010
3453,2140,325,2011
3454,2140,386,2012
3455,2141,207,2005
3456,2141,215,2006
3457,2141,220,2007
3458,2141,231,2008
3459,2141,217,2009
3460,2141,229,2010
3461,2141,255,2011
3462,2141,261,2012
3463,2142,25,2005
3464,2142,23,2006
3470,2142,22,2007
3465,2142,19,2008
3466,2142,16,2009
3467,2142,13,2010
3468,2142,12,2011
3469,2142,16,2012
3471,2143,487,2005
3472,2143,520,2006
3473,2143,546,2007
3474,2143,540,2008
3475,2143,527,2009
3476,2143,489,2010
3477,2143,501,2011
3478,2143,545,2012
3479,2144,179,2005
3480,2144,191,2006
3481,2144,197,2007
3482,2144,233,2008
3483,2144,235,2009
3484,2144,235,2010
3485,2144,295,2011
3486,2144,310,2012
3487,2145,256,2005
3488,2145,245,2006
3489,2145,237,2007
3490,2145,289,2008
3491,2145,302,2009
3492,2145,294,2010
3493,2145,290,2011
3494,2145,311,2012
3495,2146,8,2005
3496,2146,8,2006
3497,2146,6,2007
3498,2146,7,2008
3499,2146,6,2009
3500,2146,6,2010
3501,2146,7,2011
3502,2146,12,2012
3503,2147,344,2005
3504,2147,379,2006
3505,2147,425,2007
3506,2147,406,2008
3507,2147,440,2009
3508,2147,397,2010
3509,2147,380,2011
3510,2147,450,2012
3511,2148,260,2005
3512,2148,283,2006
3513,2148,238,2007
3514,2148,275,2008
3515,2148,269,2009
3516,2148,287,2010
3517,2148,318,2011
3518,2148,404,2012
3519,2149,10,2005
3520,2149,11,2006
3521,2149,11,2007
3522,2149,10,2008
3523,2149,13,2009
3524,2149,10,2010
3525,2149,7,2011
3526,2149,13,2012
3527,2150,258,2005
3528,2150,264,2006
3529,2150,270,2007
3530,2150,244,2008
3531,2150,242,2009
3532,2150,257,2010
3533,2150,271,2011
3534,2150,311,2012
3535,2151,315,2005
3536,2151,341,2006
3537,2151,343,2007
3538,2151,345,2008
3539,2151,348,2009
3540,2151,362,2010
3541,2151,352,2011
3542,2151,378,2012
3543,2152,126,2005
3544,2152,138,2006
3545,2152,125,2007
3546,2152,138,2008
3547,2152,131,2009
3548,2152,139,2010
3549,2152,142,2011
3550,2152,148,2012
3551,2153,74,2005
3552,2153,60,2006
3553,2153,53,2007
3554,2153,62,2008
3555,2153,59,2009
3556,2153,53,2010
3557,2153,53,2011
3558,2153,39,2012
3559,2154,96,2005
3560,2154,90,2006
3561,2154,87,2007
3562,2154,89,2008
3563,2154,84,2009
3564,2154,93,2010
3565,2154,98,2011
3566,2154,88,2012
3567,2155,51,2005
3568,2155,57,2006
3569,2155,55,2007
3570,2155,56,2008
3571,2155,53,2009
3572,2155,60,2010
3573,2155,60,2011
3574,2155,84,2012
3575,2156,28,2005
3576,2156,25,2006
3577,2156,21,2007
3578,2156,23,2008
3579,2156,25,2009
3580,2156,24,2010
3581,2156,28,2011
3582,2156,37,2012
3583,2157,42,2005
3584,2157,54,2006
3585,2157,52,2007
3586,2157,50,2008
3587,2157,48,2009
3588,2157,56,2010
3589,2157,57,2011
3590,2157,73,2012
3591,2158,114,2005
3592,2158,130,2006
3593,2158,146,2007
3594,2158,151,2008
3595,2158,155,2009
3596,2158,171,2010
3597,2158,195,2011
3598,2158,218,2012
3599,2159,84,2005
3600,2159,69,2006
3601,2159,92,2007
3602,2159,94,2008
3603,2159,94,2009
3604,2159,86,2010
3605,2159,84,2011
3606,2159,82,2012
3607,2160,83,2005
3608,2160,109,2006
3609,2160,115,2007
3610,2160,121,2008
3611,2160,114,2009
3612,2160,88,2010
3613,2160,83,2011
3614,2160,86,2012
3615,2161,75,2005
3616,2161,85,2006
3617,2161,50,2007
3618,2161,81,2008
3619,2161,74,2009
3620,2161,68,2010
3621,2161,81,2011
3622,2161,64,2012
3623,2162,101,2005
3624,2162,120,2006
3625,2162,138,2007
3626,2162,139,2008
3627,2162,157,2009
3628,2162,145,2010
3629,2162,162,2011
3630,2162,190,2012
3631,2163,8,2005
3632,2163,8,2006
3633,2163,6,2007
3634,2163,8,2008
3635,2163,8,2009
3636,2163,8,2010
3637,2163,11,2011
3638,2163,12,2012
3639,2164,46,2005
3640,2164,50,2006
3641,2164,46,2007
3642,2164,47,2008
3643,2164,43,2009
3644,2164,48,2010
3645,2164,47,2011
3646,2164,53,2012
3647,2165,158,2005
3648,2165,177,2006
3649,2165,202,2007
3650,2165,209,2008
3651,2165,227,2009
3652,2165,242,2010
3653,2165,243,2011
3654,2165,275,2012
3655,2166,173,2005
3656,2166,172,2006
3657,2166,166,2007
3658,2166,174,2008
3659,2166,164,2009
3660,2166,166,2010
3661,2166,178,2011
3662,2166,198,2012
3663,2167,80,2005
3664,2167,81,2006
3665,2167,79,2007
3666,2167,80,2008
3667,2167,68,2009
3668,2167,38,2010
3669,2167,73,2011
3670,2167,72,2012
3671,2168,14,2005
3672,2168,8,2006
3673,2168,6,2007
3674,2168,7,2008
3675,2168,4,2009
3676,2168,6,2010
3677,2168,4,2011
3678,2168,8,2012
3679,2169,77,2005
3680,2169,84,2006
3681,2169,87,2007
3682,2169,89,2008
3683,2169,95,2009
3684,2169,95,2010
3685,2169,85,2011
3686,2169,101,2012
3687,2170,91,2005
3688,2170,117,2006
3689,2170,117,2007
3690,2170,131,2008
3691,2170,119,2009
3692,2170,131,2010
3693,2170,155,2011
3694,2170,175,2012
3695,2171,22,2005
3696,2171,32,2006
3697,2171,25,2007
3698,2171,29,2008
3699,2171,27,2009
3700,2171,29,2010
3701,2171,29,2011
3702,2171,41,2012
3703,2172,112,2005
3704,2172,120,2006
3705,2172,135,2007
3706,2172,127,2008
3707,2172,127,2009
3708,2172,121,2010
3709,2172,107,2011
3710,2172,109,2012
3711,2173,148,2005
3712,2173,164,2006
3713,2173,160,2007
3714,2173,166,2008
3715,2173,177,2009
3716,2173,190,2010
3717,2173,200,2011
3718,2173,184,2012
3719,2174,21,2005
3720,2174,9,2006
3721,2174,11,2007
3722,2174,7,2008
3723,2174,22,2009
3724,2174,17,2010
3725,2174,17,2011
3726,2174,15,2012
3727,2175,48,2005
3728,2175,50,2006
3729,2175,55,2007
3730,2175,59,2008
3731,2175,63,2009
3732,2175,67,2010
3733,2175,63,2011
3734,2175,72,2012
3735,2176,109,2005
3736,2176,111,2006
3737,2176,128,2007
3738,2176,122,2008
3739,2176,121,2009
3740,2176,119,2010
3741,2176,120,2011
3742,2176,83,2012
3743,2177,0.015,1978
3744,2177,0.019,1981
3745,2177,0.036,1982
3746,2177,0.017,1983
3747,2177,0.008,1984
3748,2177,0.008,1985
3749,2177,0.012,1986
3750,2177,0.018,1987
3751,2177,0.007,1988
3752,2177,0.01,1989
3753,2177,0.03,1990
3754,2178,0.004,1978
3755,2178,0.007,1981
3756,2178,0.008,1982
3757,2178,0,1983
3758,2178,0,1984
3759,2178,0,1985
3760,2178,0.002,1986
3761,2178,0.008,1987
3762,2178,0.006,1988
3763,2178,0,1989
3764,2178,0.01,1990
3765,2179,0.066,1981
3766,2179,0.113,1982
3767,2179,0.12,1983
3768,2179,0.115,1984
3769,2179,0.1,1985
3770,2179,0.075,1986
3771,2179,0.115,1987
3772,2179,0.12,1988
3773,2179,0.135,1989
3774,2179,0.125,1990
3775,2184,37,1997
3776,2184,27,1998
3777,2184,20,1999
3778,2184,21,2000
3779,2184,25,2001
3780,2184,24,2002
3781,2184,30,2003
3782,2184,32,2004
3783,2184,33,2005
3784,2184,33,2006
3785,2187,51,1971
3786,2187,63,1972
3787,2187,68,1973
3788,2187,70,1974
3789,2187,64,1975
3790,2191,35,1995
3791,2191,0,2011
3792,2194,2.4,1986
3793,2194,2.2,1987
3794,2194,1.9,1988
3795,2194,2.6,1989
3796,2194,2.7,1990
3797,2194,3.8,1991
3798,2194,3.3,1992
3799,2194,3.4,1993
3800,2195,0.9,1986
3801,2195,1.25,1987
3802,2195,0.75,1988
3803,2195,1.25,1989
3804,2195,1.3,1990
3805,2195,1.3,1991
3806,2195,1.4,1992
3807,2195,1.4,1993
3808,2196,0.5,1986
3809,2196,0.35,1987
3810,2196,0.3,1988
3811,2196,1.4,1989
3812,2196,0.6,1990
3813,2196,1,1991
3814,2196,0.8,1992
3815,2196,1.1,1993
3816,2197,9,1986
3817,2197,12,1987
3818,2197,13.5,1988
3819,2197,12.5,1989
3820,2197,15,1990
3821,2197,14.5,1991
3822,2197,16,1992
3823,2197,14,1993
3824,2198,15,2006
3825,2198,16,2007
3826,2198,19,2008
3827,2199,25,2006
3828,2199,30,2007
3829,2199,24,2008
3830,2200,1,2006
3831,2200,2,2007
3832,2200,4,2008
3833,2201,1,2006
3834,2201,9,2007
3835,2201,2,2008
3836,2202,0.193,1997
3837,2202,0.179,1997.33
3838,2202,0.193,1997.66
3839,2202,0.242,1997.99
3840,2202,0.201,1998.32
3841,2202,0.301,1998.65
3842,2203,37,1992
3843,2203,25,1993
3844,2203,44,1994
3845,2203,49,1995
3846,2203,69,1996
3847,2203,64,1997
3848,2203,42,1998
3849,2203,79,1999
3850,2203,108,2000
3851,2203,104,2001
3852,2203,88,2002
3853,2203,70,2003
3854,2203,57,2004
3855,2203,76,2005
3856,2203,54,2006
3857,2203,55,2007
3858,2203,55,2008
3859,2203,57,2009
3860,2203,74,2010
3861,2203,93,2011
3862,2203,89,2012
3863,2203,54,2013
3864,2204,200,1983
3865,2204,215,1984
3866,2204,203,1985
3867,2204,268,1986
3868,2204,240,1987
3869,2204,290,1988
3870,2204,235,1989
3871,2204,290,1990
3872,2204,300,1991
3873,2204,340,1992
3874,2204,305,1993
3875,2204,285,1994
3876,2204,225,1995
3877,2204,290,1996
3878,2204,330,1997
3879,2204,380,1998
3880,2204,375,1999
3881,2204,385,2000
3882,2204,410,2001
3883,2204,485,2002
3884,2205,2.2,1990
3885,2205,1.3,1991
3886,2205,1.5,1992
3887,2205,0.9,1993
3888,2205,1.6,1994
3889,2205,3.6,1995
3890,2205,2.1,1996
3891,2205,3,1997
3892,2205,0.5,1998
3893,2205,0.8,1999
3894,2205,1.7,2000
3895,2205,0.5,2001
3896,2205,0.7,2002
3897,2205,1.9,2003
3898,2206,22.9,1979
3899,2206,22.4,1995
3900,2206,10.9,2010
3901,2208,21,1995
3902,2208,37,1996
3903,2208,80,1997
3904,2208,83,1998
3905,2208,72,1999
3906,2208,124,2000
3907,2208,132,2001
3908,2208,148,2002
3909,2208,176,2003
3910,2208,171,2004
3911,2208,118,2005
3912,2208,136,2006
3913,2209,11.3,1992
3914,2209,10,1993
3915,2209,13.6,1994
3916,2209,11,1995
3917,2209,9.8,1996
3918,2209,9,1997
3919,2209,11.6,1998
3920,2209,12.8,1999
3921,2209,11.2,2000
3922,2209,9.5,2001
3923,2209,8.9,2002
3924,2209,9,2003
3925,2209,10,2004
3926,2209,11.6,2005
3927,2209,9.9,2006
3928,2210,0.09,1992
3929,2210,0.065,1993
3930,2210,0.065,1994
3931,2210,0.098,1995
3932,2210,0.104,1996
3933,2210,0.11,1997
3934,2210,0.02,1998
3935,2210,0.13,1999
3936,2210,0.155,2000
3937,2210,0.15,2001
3938,2210,0.106,2002
3939,2210,0.095,2003
3940,2210,0.09,2004
3941,2210,0.12,2005
3942,2210,0.105,2006
3943,2210,0.095,2007
3944,2212,20,1990
3945,2212,30,1991
3946,2212,29,1992
3947,2212,44,1993
3948,2212,77,1994
3949,2212,75,1995
3960,2212,71,1996
3950,2212,84,1997
3951,2212,94,1998
3952,2212,123,1999
3953,2212,125,2000
3954,2212,130,2001
3955,2212,120,2002
3956,2212,113,2003
3957,2212,121,2004
3958,2212,110,2005
3959,2212,109,2006
3961,2215,28,1980
3962,2215,24,1981
3963,2215,27,1982
3964,2215,20,1983
3965,2215,19,1984
3966,2215,16,1985
3967,2215,15,1986
3968,2215,20,1987
3969,2215,27,1988
3970,2215,31,1989
3971,2215,34,1990
3972,2215,41,1991
3973,2215,52,1992
3974,2215,42,1993
3975,2215,61,1994
3976,2215,86,1995
3977,2216,105,1996
3978,2216,151,1997
3979,2216,184,1998
3980,2216,211,1999
3981,2216,259,2000
3982,2216,259,2001
3983,2216,343,2002
3984,2217,353,2003
3985,2217,410,2004
3986,2217,465,2005
3987,2217,504,2006
3988,2217,577,2007
3989,2217,576,2008
3990,2217,673,2009
3991,2217,747,2010
3992,2217,824,2011
3993,2217,880,2012
3994,2218,28,1980
3995,2218,24,1981
3996,2218,27,1982
3997,2218,20,1983
3998,2218,19,1984
3999,2218,16,1985
4000,2218,15,1986
4001,2218,20,1987
4002,2218,27,1988
4003,2218,34,1989
4004,2218,44,1990
4005,2218,58,1991
4006,2218,73,1992
4007,2218,72,1993
4008,2218,118,1994
4009,2218,166,1995
4010,2218,221,1996
4011,2218,264,1997
4012,2218,323,1998
4013,2218,380,1999
4014,2218,475,2000
4015,2218,508,2001
4016,2218,621,2002
4017,2218,674,2003
4018,2218,770,2004
4019,2218,870,2005
4020,2218,938,2006
4021,2218,1086,2007
4022,2218,1096,2008
4023,2218,1250,2009
4024,2218,1304,2010
4025,2218,1511,2011
4026,2220,140,2000
4027,2220,133,2001
4028,2220,140,2002
4029,2220,158,2003
4030,2220,193,2004
4031,2220,213,2005
4032,2220,255,2006
4033,2220,213,2007
4034,2220,263,2008
4035,2220,177,2009
4036,2220,178,2010
4037,2220,196,2011
4038,2220,154,2012
4039,2220,170,2013
4040,2220,253,2014
4041,2220,303,2015
4042,2220,281,2016
4043,2221,4,1997
4044,2221,12,1998
4045,2221,25,2000
4046,2221,35,2001
4047,2221,39,2002
4048,2221,46,2003
4049,2221,43,2004
4050,2221,63,2005
4051,2221,67,2006
4052,2229,5,1988
4053,2229,2.5,1989
4054,2229,2.9,1990
4055,2229,3.7,1991
4056,2229,2.5,1992
4057,2229,2.2,1993
4058,2229,2.9,1994
4059,2229,2.8,1995
4060,2229,2.3,1996
4061,2229,3.1,1997
4062,2229,1.6,1998
4063,2230,1,1980
4064,2230,0.1,1981
4065,2230,0.2,1982
4066,2230,0.1,1983
4067,2230,0,1984
4068,2231,0.6,1980
4069,2231,0.4,1981
4070,2231,0.2,1982
4071,2231,0.1,1983
4072,2231,0.1,1984
4073,2232,0.4,1980
4074,2232,0.7,1981
4075,2232,0.2,1982
4076,2232,0.1,1983
4077,2232,0.1,1984
4078,2233,1.3,1980
4079,2233,0.5,1981
4080,2233,0.5,1982
4081,2233,0.2,1983
4082,2233,0.1,1984
4083,2234,0.6,1980
4084,2234,0.5,1981
4085,2234,0.3,1982
4086,2234,0.2,1983
4087,2234,0.2,1984
4088,2235,0.1,1980
4089,2235,0.1,1981
4090,2235,0.1,1982
4091,2235,0,1983
4092,2235,0,1984
4093,2236,0.1,1980
4094,2236,0,1981
4095,2236,0,1982
4096,2236,0,1983
4097,2236,0,1984
4098,2237,0,1980
4099,2237,0,1981
4100,2237,0.1,1982
4101,2237,0.1,1983
4102,2237,0,1984
4103,2238,0.1,1980
4104,2238,0.3,1981
4105,2238,0.4,1982
4106,2238,0.1,1983
4107,2238,0.1,1984
4108,2239,0.1,1980
4109,2239,0.1,1981
4110,2239,0,1982
4111,2239,0,1983
4112,2239,0.1,1984
4113,2240,4000,1950
4114,2240,175,1982
4117,2240,65,1986
4115,2240,50,1992
4116,2240,20,1994
4118,2242,80,1970
4119,2242,76,1971
4120,2242,62,1972
4121,2242,52,1973
4122,2242,14,1974
4123,2243,6,2002
4124,2243,11,2003
4125,2243,10,2004
4126,2243,15,2005
4127,2243,17,2006
4128,2243,22,2007
4129,2243,23,2008
4130,2243,26,2009
4131,2243,29,2010
4132,2243,36,2011
4133,2243,38,2012
4134,2243,42,2013
4135,2244,4.4,2006
4136,2244,3,2007
4137,2244,6,2008
4138,2244,3,2009
4139,2244,5,2011
4140,2244,3,2012
4141,2244,5,2013
4142,2245,3.06,2000
4143,2245,2.12,2002
4144,2246,5.15,2000
4145,2246,2.65,2002
4146,2246,1.53,2003
4147,2246,1.32,2004
4148,2246,1.58,2005
4149,2246,1.91,2006
4150,2247,1.25,2000
4151,2247,2.72,2002
4152,2247,2.37,2003
4153,2247,2.25,2004
4154,2247,1.92,2005
4155,2247,1.83,2006
4156,2248,1.52,2000
4157,2248,0.62,2002
4158,2249,0.45,2000
4159,2249,1.16,2002
4160,2249,0.88,2003
4161,2249,0.38,2004
4162,2249,0.49,2005
4163,2249,0.95,2006
4164,2250,1.3,2000
4165,2250,1.43,2001
4166,2250,0.54,2002
4167,2250,0.62,2003
4168,2250,0.25,2004
4169,2250,0.26,2005
4170,2251,2.49,2000
4171,2251,1.62,2002
4172,2252,0.26,2000
4173,2252,0.88,2002
4174,2252,1.7,2003
4175,2252,1.35,2004
4176,2252,0.85,2005
4177,2252,1.61,2006
4178,2253,1.2,2000
4179,2253,0.98,2002
4180,2253,1.16,2003
4181,2253,0.95,2004
4182,2253,0.47,2005
4183,2253,0.72,2006
4184,2254,2.37,2002
4185,2254,2.08,2003
4186,2254,2.03,2004
4187,2254,1.12,2005
4188,2254,1.99,2006
4193,2255,1.27,2002
4191,2255,0.83,2003
4189,2255,1.37,2004
4190,2255,0.7,2005
4192,2255,1.41,2006
4194,2257,0.026,1995
4195,2257,0.035,1996
4196,2257,0.045,1997
4197,2257,0.054,1998
4198,2257,0.06,1999
4199,2257,0.084,2000
4200,2257,0.081,2001
4201,2257,0.099,2002
4202,2257,0.076,2003
4203,2257,0.077,2004
4204,2257,0.087,2005
4205,2258,73,1983
4206,2258,87,1984
4207,2258,86,1985
4208,2258,72,1986
4209,2258,54,1987
4210,2258,53,1988
4211,2258,65,1989
4212,2258,65,1990
4213,2258,55,1991
4214,2258,52,1992
4215,2258,55,1993
4216,2258,59,1994
4217,2258,65,1995
4218,2258,72,1996
4219,2258,58,1997
4220,2258,57,2000
4221,2259,100,1962
4222,2259,50,2004
4223,2259,17,2009
4224,2261,20,1990
4225,2261,70,1999
4226,2262,21,1983
4227,2262,35,2002
4228,2268,21,1996
4229,2268,24,1997
4230,2268,32,1998
4231,2268,48,1999
4232,2268,44,2000
4233,2268,72,2001
4234,2268,77,2002
4235,2268,84,2003
4236,2268,106,2004
4237,2271,262,1976
4238,2271,181,1977
4239,2271,157,1978
4240,2271,177,1979
4241,2271,248,1980
4242,2271,123,1981
4243,2271,161,1982
4244,2271,262,1983
4245,2271,358,1984
4246,2271,253,1985
4247,2271,295,1986
4248,2272,0.683,2004
4249,2272,0.444,2009
4250,2274,17,1980
4251,2274,12,1981
4252,2274,20.6,1982
4253,2274,10.8,1983
4254,2274,12.6,1984
4255,2274,15.5,1985
4256,2274,10.6,1986
4257,2274,15.2,1987
4258,2274,22.5,1988
4259,2274,17.7,1989
4260,2274,12.1,1990
4261,2274,13.9,1991
4262,2274,20.1,1992
4263,2274,21,1993
4264,2274,16.9,1994
4265,2274,19.3,1995
4266,2274,15.8,1996
4267,2274,26,1997
4268,2274,20.8,1998
4269,2274,23.1,1999
4270,2274,26.6,2000
4271,2274,28.5,2001
4272,2274,24.8,2002
4273,2274,21,2003
4274,2274,29.7,2004
4275,2274,27.2,2005
4276,2274,34.8,2006
4277,2274,35.5,2007
4278,2275,41,2002
4279,2275,43,2003
4280,2275,44,2004
4281,2275,52,2005
4282,2275,78,2006
4283,2275,73,2007
4284,2275,77,2008
4285,2275,83,2009
4286,2275,83,2010
4287,2275,102,2011
4288,2275,96,2012
4289,2276,49.7,1969
4290,2276,53.2,1970
4291,2276,53.7,1971
4292,2276,54.9,1972
4293,2276,58.3,1973
4294,2276,64.6,1974
4295,2276,76.4,1975
4296,2276,91.1,1976
4297,2276,109.1,1977
4298,2276,123.8,1978
4299,2276,142.2,1979
4300,2276,157.6,1980
4301,2277,12,1993
4302,2277,5,1994
4303,2277,13,1995
4304,2277,13,1996
4305,2277,14,1997
4306,2277,23,1998
4307,2277,18,1999
4308,2277,31,2000
4309,2277,36,2001
4310,2277,22,2002
4311,2278,2,1990
4312,2278,6,1991
4313,2278,28,1992
4314,2278,12,1993
4315,2278,55,1994
4316,2278,68,1995
4317,2278,85,1996
4318,2278,137,1997
4319,2278,94,1998
4320,2278,94,1999
4321,2278,52,2000
4322,2278,51,2001
4323,2278,75,2002
4324,2279,4,1992
4325,2279,0,1993
4326,2279,6,1994
4327,2279,5,1995
4328,2279,6,1996
4329,2279,20,1997
4330,2279,20,1998
4331,2279,26,1999
4332,2279,12,2000
4333,2279,10,2001
4334,2279,8,2002
4335,2300,1250,2001
4336,2300,1200,2002
4337,2300,1350,2003
4338,2300,1450,2004
4339,2300,1600,2005
4340,2300,1800,2006
4341,2300,1700,2007
4342,2300,1800,2008
4343,2300,2000,2009
4344,2300,2350,2010
4345,2300,2150,2011
4346,2300,2350,2012
4347,2301,2350,2001
4348,2301,2400,2002
4349,2301,2350,2003
4350,2301,2250,2004
4351,2301,2350,2005
4352,2301,2350,2006
4353,2301,2350,2007
4354,2301,2350,2008
4355,2301,2400,2009
4356,2301,2350,2010
4357,2301,2500,2011
4358,2301,2600,2012
4359,2302,13700,2001
4360,2302,13950,2002
4361,2302,13930,2003
4362,2302,13850,2004
4363,2302,13470,2005
4364,2302,13580,2006
4365,2302,13300,2007
4366,2302,13350,2008
4367,2302,13420,2009
4368,2302,13600,2010
4369,2302,13250,2011
4370,2302,13950,2012
4371,2303,1290,2001
4372,2303,1345,2002
4373,2303,1335,2003
4374,2303,1325,2004
4375,2303,1330,2005
4376,2303,1335,2006
4377,2303,1350,2007
4378,2303,1415,2008
4379,2303,1420,2009
4380,2303,1425,2010
4381,2303,1435,2011
4382,2303,1450,2012
4383,2304,5590,2001
4384,2304,5620,2002
4385,2304,5650,2003
4386,2304,5690,2004
4387,2304,5800,2005
4388,2304,5950,2006
4389,2304,5910,2007
4390,2304,5990,2008
4391,2304,6040,2009
4392,2304,6100,2010
4393,2304,6070,2011
4394,2304,6100,2012
4395,2306,79,1986
4396,2306,79,1988
4397,2306,94,1990
4398,2306,108,1992
4399,2306,112,1994
4400,2306,134,1997
4401,2306,152,1999
4402,2307,304,1923
4403,2307,410,1924
4404,2307,433,1925
4405,2307,317,1926
4406,2307,229,1927
4407,2307,198,1928
4408,2307,165,1929
4409,2307,123,1930
4410,2307,81,1931
4411,2307,88,1932
4412,2307,51,1933
4413,2307,48,1934
4414,2307,22,1935
4415,2307,41,1936
4416,2307,24,1937
4417,2307,8,1940
4418,2307,1075,1946
4419,2307,396,1954
4420,2307,217,1957
4421,2307,111,1958
4422,2307,88,1959
4423,2307,89,1960
4424,2307,89,1961
4425,2307,75,1962
4426,2307,59,1963
4427,2307,40,1964
4428,2307,25,1965
4429,2307,22,1966
4430,2307,26,1967
4431,2307,32,1968
4432,2307,47,1969
4433,2307,49,1970
4434,2307,55,1971
4435,2307,89,1972
4436,2307,132,1973
4437,2307,157,1974
4438,2307,180,1975
4439,2307,207,1976
4440,2307,271,1977
4441,2307,352,1978
4442,2307,337,1979
4443,2307,299,1980
4444,2307,307,1981
4445,2307,250,1982
4446,2307,231,1983
4447,2307,265,1984
4448,2307,240,1985
4449,2307,248,1986
4450,2307,259,1987
4451,2307,305,1988
4452,2307,467,1989
4453,2307,623,1990
4454,2312,3.5,1995
4455,2312,15.5,1996
4456,2312,17,1998
4457,2312,8.5,2000
4458,2312,0,2002
4459,2312,0,2003
4460,2312,0,2004
4461,2312,0,2005
4462,2312,0,2007
4463,2312,0,2008
4464,2312,0,2009
4465,2316,-0.25,2001
4466,2316,-1.3,2001.08
4467,2316,-2,2001.24
4468,2316,-0.6,2001.32
4469,2316,-0.15,2001.4
4470,2316,-0.5,2001.48
4471,2316,-0.1,2001.56
4507,2316,-1.45,2001.6
4472,2316,-3.2,2001.64
4473,2316,-3.4,2001.72
4474,2316,-2.6,2001.8
4508,2316,-2.4,2001.88
4475,2316,-1.8,2001.96
4476,2316,-2,2002.04
4477,2316,-2.75,2002.12
4478,2316,-2.7,2002.44
4479,2316,-1.9,2002.52
4480,2316,-1.7,2002.6
4481,2316,-3.4,2002.68
4482,2316,-3.3,2002.76
4483,2316,-3.15,2002.84
4509,2316,-1.2,2003.4
4484,2316,-0.5,2003.64
4485,2316,-2.3,2003.72
4486,2316,-2.35,2003.8
4487,2316,-1.75,2003.96
4488,2316,-1.85,2004.04
4489,2316,-0.2,2004.28
4490,2316,-1,2004.44
4491,2316,-0.9,2004.52
4492,2316,-2.5,2004.6
4493,2316,-2.4,2004.68
4494,2316,-2.3,2004.76
4495,2316,-1.4,2004.84
4496,2316,-1.6,2004.92
4497,2316,-1.7,2005
4498,2316,-2.4,2005.08
4499,2316,-2.1,2005.16
4500,2316,-2.8,2005.24
4501,2316,-2.6,2005.4
4502,2316,-2.55,2005.56
4503,2316,-2.8,2005.64
4504,2316,-1.8,2005.8
4505,2316,-1.9,2005.96
4506,2316,-2,2006.12
4513,2317,-1.9,2001
4514,2317,-2.6,2001.08
4515,2317,-0.6,2001.24
4516,2317,-0.2,2001.32
4517,2317,-0.4,2001.4
4518,2317,-0.75,2001.48
4519,2317,0,2001.56
4510,2317,-1.45,2001.6
4520,2317,-0.1,2001.64
4521,2317,-0.35,2001.72
4522,2317,-0.9,2001.8
4511,2317,-2.7,2001.88
4523,2317,-1.6,2001.96
4524,2317,-1.3,2002.04
4525,2317,-1,2002.12
4526,2317,-1.1,2002.44
4527,2317,-1.1,2002.52
4528,2317,-1.4,2002.6
4529,2317,-0.9,2002.68
4530,2317,-1.3,2002.76
4531,2317,-1.3,2002.84
4512,2317,-1.2,2003.4
4532,2317,0.2,2003.72
4533,2317,-0.5,2003.8
4534,2317,-1,2003.96
4535,2317,-1.1,2004.04
4536,2317,-0.95,2004.28
4537,2317,-0.6,2004.44
4538,2317,-0.4,2004.52
4539,2317,-0.3,2004.6
4540,2317,-0.6,2004.68
4541,2317,-0.9,2004.76
4542,2317,-0.05,2004.84
4543,2317,-0.5,2004.92
4544,2317,-0.75,2005
4545,2317,-1.1,2005.08
4546,2317,-1,2005.16
4547,2317,-1.05,2005.24
4548,2317,-1.65,2005.4
4549,2317,-0.2,2005.56
4550,2317,-0.45,2005.64
4551,2317,-0.8,2005.8
4552,2317,-0.75,2005.96
4553,2317,-0.9,2006.12
4554,2324,75,1990
4555,2324,124,1993